id	wikipedia	query
pnp	P versus NP problem	P versus NP
riemann	Riemann hypothesis	Riemann hypothesis
navier	Navier–Stokes existence and smoothness	Navier-Stokes existence smoothness
yangmills	Yang–Mills existence and mass gap	Yang-Mills mass gap
hodge	Hodge conjecture	Hodge conjecture
bsd	Birch and Swinnerton-Dyer conjecture	Birch Swinnerton-Dyer conjecture
poincare	Poincaré conjecture	Poincaré conjecture
fermat	Fermat's Last Theorem	Fermat's Last Theorem
fourcolor	Four color theorem	four color theorem
kepler	Kepler conjecture	Kepler conjecture sphere packing
twinprime	Twin prime conjecture	twin prime conjecture
goldbach	Goldbach's conjecture	Goldbach conjecture
collatz	Collatz conjecture	Collatz conjecture
abc	abc conjecture	abc conjecture
langlands	Langlands program	Langlands program
geomlanglands	Geometric Langlands correspondence	geometric Langlands conjecture
sensitivity	Sensitivity theorem	sensitivity conjecture Boolean functions
capset	Cap set	cap set problem
pfr	Freiman's theorem	polynomial Freiman-Ruzsa conjecture
ramsey	Ramsey's theorem	diagonal Ramsey numbers exponential improvement
unitdist	Hadwiger–Nelson problem	Hadwiger-Nelson problem chromatic number of the plane
busybeaver	Busy beaver	busy beaver function
graphiso	Graph isomorphism problem	graph isomorphism quasipolynomial
matmul	Computational complexity of matrix multiplication	matrix multiplication exponent omega
uniquegames	Unique games conjecture	unique games conjecture
bqp	BQP	BQP BPP quantum separation oracle
factoring	Integer factorization	integer factorization complexity
owf	One-way function	one-way functions existence
halting	Halting problem	halting problem
hilbert10	Hilbert's tenth problem	Hilbert's tenth problem
continuum	Continuum hypothesis	continuum hypothesis independence
invsubspace	Invariant subspace problem	invariant subspace problem
jacobian	Jacobian conjecture	Jacobian conjecture
hadamard	Hadamard matrix	Hadamard matrix conjecture
protein	Protein structure prediction	protein structure prediction
foldpath	Protein folding	protein folding kinetics pathway
turbulence	Turbulence modeling	turbulence closure problem
qgravity	Quantum gravity	quantum gravity
darkmatter	Dark matter	dark matter identity
darkenergy	Cosmological constant problem	cosmological constant problem
hubble	Hubble tension	Hubble tension
cosmiccensor	Cosmic censorship hypothesis	weak cosmic censorship
bhinfo	Black hole information paradox	black hole information paradox
measurement	Measurement problem	quantum measurement problem
roomtemp	Room-temperature superconductor	room-temperature superconductivity mechanism
hubbard	Hubbard model	two-dimensional Hubbard model ground state
signproblem	Numerical sign problem	fermion sign problem
glass	Glass transition	glass transition
water	Properties of water	anomalous properties of water
catalysis	Catalysis	rational catalyst design
dftfunc	Density functional theory	exchange-correlation functional
abiogenesis	Abiogenesis	origin of life
mitoredox	Free-radical theory of aging	mitochondrial theory of aging
circadian	Circadian rhythm	circadian clock
bioelectric	Bioelectricity	bioelectric signaling
aging	Senescence	programmed aging
consciousness	Hard problem of consciousness	hard problem of consciousness
bindingprob	Binding problem	binding problem
freeenergy	Free energy principle	free energy principle
alignment	AI alignment	AI alignment
llmreason	Transformer (deep learning architecture)	expressivity of transformers
autoform	Autoformalization	autoformalization
smale18	Smale's problems	limits of intelligence
optimalstop	Efficient-market hypothesis	market efficiency
nash	PPAD (complexity)	computing Nash equilibria
mechdesign	Mechanism design	multi-item auction
blackscholes	Stochastic volatility	rough volatility
ecc	Elliptic-curve cryptography	elliptic curve discrete logarithm
zkp	Zero-knowledge proof	succinct arguments
climate	Climate sensitivity	equilibrium climate sensitivity
fusion	Plasma stability	plasma confinement
