slug,final_class,provenance_class,content_type,is_real_data_image,house_style,quality,legibility,prominence,priority,generator,chapter,issues
01-claims-by-tier,A-original,A-original,data_chart,False,True,4,4,1,1,build_charts.py,00-atlas.md,Minor: grid lines slightly faint; label order requires mental ranking
100-air-pollution,A-original,A-original,data_chart,False,True,4,4,1,1,build_wave8.py,09-exposures-environment.md,None
24-alcohol-jcurve,A-original,A-original,data_chart,False,True,4,4,1,1,build_wave2.py,09-exposures-environment.md,Red line slope inconsistent with axis label claim; color legibility marginal
25-responder-distribution,A-original,A-original,data_chart,False,True,4,4,1,1,build_wave2.py,04-individual-variation.md,"None—clean, well-executed publication chart."
26-verdict-donut,A-original,A-original,data_chart,False,True,4,4,1,1,build_wave2.py,46-practitioner-claims-vs-evidence.md,Understatement framing may reduce claim credibility slightly
35-glp1-outcomes,A-original,A-original,data_chart,False,True,4,5,1,1,build_wave3.py,10-medical-pharmacology.md,none
36-statin-nnt,A-original,A-original,data_chart,False,True,4,5,1,1,build_wave3.py,10-medical-pharmacology.md,none
47-vaccines-longevity,A-original,A-original,data_chart,False,True,4,5,1,1,build_wave4.py,10-medical-pharmacology.md,none
58-hearing-dementia,A-original,A-original,data_chart,False,True,4,4,1,1,build_wave5.py,08-brain-cognitive.md,none
69-lpa-risk,A-original,A-original,data_chart,False,True,4,5,1,1,build_wave6.py,22-disease-cardiometabolic-renal.md,none
71-zone2-hiit,A-original,A-original,data_chart,False,True,4,5,1,1,build_wave6.py,02-training.md,none
73-immunosenescence,A-original,A-original,data_chart,False,True,4,4,1,1,build_wave6.py,15-immune-system.md,none
82-bmi-jcurve,A-original,A-original,data_chart,False,True,4,5,1,1,build_wave7.py,22-disease-cardiometabolic-renal.md,none
83-testosterone-age,A-original,A-original,data_chart,False,True,4,5,1,1,build_wave7.py,13-endocrine-hormones.md,none
97-leading-causes,A-original,A-original,data_chart,False,True,4,5,1,1,build_wave8.py,33-public-health-systems.md,none
A02-nephron,A-original,A-original,schematic_diagram,False,True,4,5,1,1,build_body_anat.py,17-organ-systems-atlas.md,none
A07-oral-systemic,A-original,A-original,schematic_diagram,False,True,4,5,1,1,build_body_anat.py,11-body-systems.md,none
B07-ivf-by-age,A-original,A-original,data_chart,False,True,4,5,1,1,build_body_charts.py,42-reproductive-sexual-health.md,none
B10-common-rare-variants,A-original,A-original,data_chart,False,True,4,4,1,1,build_body_charts.py,18-genetics-anatomy.md,None
D05-amr-burden,A-original,A-original,data_chart,False,True,4,5,1,1,build_disease_charts.py,26-infectious-disease.md,none
D10-smoking-cessation,A-original,A-original,data_chart,False,True,4,4,1,1,build_disease_charts.py,35-addiction-substance-use.md,Green/brown color scheme low contrast; axis label could be larger
D13-finger,A-original,A-original,data_chart,False,True,4,5,1,1,build_disease_charts.py,08-brain-cognitive.md,none
D14-lecanemab,A-original,A-original,data_chart,False,True,4,5,1,1,build_disease_charts.py,08-brain-cognitive.md,none
D15-ms-dmt,A-original,A-original,data_chart,False,True,4,4,1,1,build_disease_charts2.py,24-disease-neuro-rheum.md,None
D18-antipsychotics,A-original,A-original,data_chart,False,True,4,4,1,1,build_disease_charts2.py,20-mental-health-psychiatry.md,Minor: arrowhead annotation could be larger/clearer
D19-anorexia-smr,A-original,A-original,data_chart,False,True,4,5,1,1,build_disease_charts2.py,20-mental-health-psychiatry.md,none
D20-mdma-ptsd,A-original,A-original,data_chart,False,True,4,5,1,1,build_disease_charts2.py,20-mental-health-psychiatry.md,none
D25-achieve-hearing,A-original,A-original,data_chart,False,True,4,5,1,1,build_disease_charts2.py,08-brain-cognitive.md,none
D26-shingles-dementia,A-original,A-original,data_chart,False,True,4,5,1,1,build_disease_charts2.py,08-brain-cognitive.md,none
G01-polarized,A-original,A-original,data_chart,False,True,4,5,1,1,build_final_charts.py,02-training.md,none
G04-statin-prevention,A-original,A-original,data_chart,False,True,4,5,1,1,build_final_charts.py,10-medical-pharmacology.md,none
G08-healthspan-gap,A-original,A-original,data_chart,False,True,4,5,1,1,build_final_charts.py,19-life-stages.md,none
L04-vital-nulls,A-original,A-original,data_chart,False,True,4,4,1,1,build_life_charts.py,03-nutrition-supplements.md,Dashed reference line at 1.0 could be more prominent; minor crowding in legend
L05-protein-age,A-original,A-original,data_chart,False,True,4,5,1,1,build_life_charts.py,03-nutrition-supplements.md,none
L07-psychosocial,A-original,A-original,data_chart,False,True,4,5,1,1,build_life_charts.py,05-recovery-sleep-stress.md,none
L16-us-vs-peers,A-original,A-original,data_chart,False,True,4,4,1,1,build_life_charts.py,33-public-health-systems.md,none
L17-epi-transition,A-original,A-original,data_chart,False,True,4,4,1,1,build_life_charts.py,33-public-health-systems.md,Theoretical model status not emphasized in title
M01-push-up,A-original,A-original,anatomical_illustration,False,True,4,5,1,1,build_movements.py,02-training.md,none
M04-glute-bridge,A-original,A-original,schematic_diagram,False,True,4,4,1,1,build_movements.py,02-training.md,Dotted motion arc line could be crisper
M15-hip-flexor-stretch,A-original,A-original,anatomical_illustration,False,True,4,5,1,1,build_movements3.py,02-training.md,none
M21-single-leg-rdl,A-original,A-original,anatomical_illustration,False,True,4,5,1,1,build_movements4.py,02-training.md,none
M28-bulgarian-split-squat,A-original,A-original,anatomical_illustration,False,True,4,5,1,1,build_movements6.py,02-training.md,none
M31-hollow-hold,A-original,A-original,schematic_diagram,False,True,4,5,1,1,build_movements6.py,02-training.md,none
M33-cable-row,A-original,A-original,schematic_diagram,False,True,4,5,1,1,build_movements6.py,02-training.md,none
P08-amd-antivegf,A-original,A-original,data_chart,False,True,4,4,1,1,build_practice_charts.py,27-derm-dental-ent-eye.md,None
P13-ct-burden,A-original,A-original,data_chart,False,True,4,4,1,1,build_practice_charts.py,40-imaging-radiology.md,None
Q01-aspree,A-original,A-original,data_chart,False,True,4,5,1,1,build_practice_charts2.py,10-medical-pharmacology.md,none
Q06-gene-prices,A-original,A-original,data_chart,False,True,4,5,1,1,build_practice_charts2.py,31-regenerative-frontier.md,none
Q07-prp,A-original,A-original,data_chart,False,True,4,5,1,1,build_practice_charts2.py,31-regenerative-frontier.md,none
Q08-alt-conventional,A-original,A-original,data_chart,False,True,4,5,1,1,build_practice_charts2.py,30-complementary-medicine.md,none
Q09-acupuncture,A-original,A-original,data_chart,False,True,4,5,1,1,build_practice_charts2.py,30-complementary-medicine.md,none
Q10-ayurveda-metals,A-original,A-original,data_chart,False,True,4,4,1,1,build_practice_charts2.py,30-complementary-medicine.md,None
Y05-hrv,A-original,A-original,reference_card_or_table,False,True,4,4,1,1,build_final3.py,05-recovery-sleep-stress.md,Minor: line chart lacks numeric scale/axis labels on y-axis
complex-III-bc1,A-original,A-original,molecular_structure,False,True,4,4,1,1,build_structures.py,37-mitochondrial-health.md,Small text on Q-cycle core and Rieske Fe-S labels; minor crowding of annotations
complex-IV-cox,A-original,A-original,molecular_structure,False,True,4,4,1,1,build_structures.py,37-mitochondrial-health.md,None
igg-antibody,A-original,A-original,molecular_structure,False,True,4,4,0,1,build_structures.py,,Minor label crowding on antigen-binding arm; otherwise clean
semaglutide-schematic,A-original,A-original,molecular_structure,False,True,4,4,0,1,build_structures.py,,Annotation boxes crowd lower left; amino acid abbreviations very small
02-copenhagen-sports,A-original,A-original,data_chart,False,True,5,5,1,0,build_charts.py,45-sports-play.md,none
03-vo2max-mortality,A-original,A-original,data_chart,False,True,5,5,1,0,build_charts.py,02-training.md,none
04-energy-stack,A-original,A-original,schematic_diagram,False,True,5,5,1,0,build_schematics.py,01-foundations.md,none
05-nutrient-switchboard,A-original,A-original,schematic_diagram,False,True,5,5,1,0,build_schematics.py,01-foundations.md,none
07-calibration-spectrum,A-original,A-original,reference_card_or_table,False,True,5,5,1,0,build_figures.py,46-practitioner-claims-vs-evidence.md,none
08-what-to-track,A-original,A-original,reference_card_or_table,False,True,5,5,1,0,build_figures.py,WHAT-TO-TRACK-SYNTHESIS.md,none
09-lancet14-dementia,A-original,A-original,data_chart,False,True,5,5,1,0,build_charts.py,08-brain-cognitive.md,none
10-hallmarks-cancer,A-original,A-original,schematic_diagram,False,True,5,5,1,0,build_schematics.py,25-oncology.md,none
101-central-dogma,A-original,A-original,reference_card_or_table,False,True,5,5,1,0,build_wave8.py,01-foundations.md,none
102-cholesterol-particles,A-original,A-original,reference_card_or_table,False,True,5,5,1,0,build_wave8.py,22-disease-cardiometabolic-renal.md,none
103-the-cell,A-original,A-original,anatomical_illustration,False,True,5,5,1,0,build_wave8.py,01-foundations.md,none
104-longevity-pipeline,A-original,A-original,reference_card_or_table,False,True,5,5,1,0,build_wave8.py,31-regenerative-frontier.md,none
105-red-flags,A-original,A-original,reference_card_or_table,False,True,5,5,1,0,build_wave8.py,34-emergency-acute.md,none
11-cpr-card,A-original,A-original,reference_card_or_table,False,True,5,5,1,0,build_cards.py,34-emergency-acute.md,none
12-befast-card,A-original,A-original,reference_card_or_table,False,True,5,5,1,0,build_cards.py,34-emergency-acute.md,none
13-anaphylaxis-card,A-original,A-original,reference_card_or_table,False,True,5,5,1,0,build_cards.py,34-emergency-acute.md,none
14-bayes-ppv,A-original,A-original,data_chart,False,True,5,5,1,0,build_cards.py,41-pathology-lab-medicine.md,none
15-fasting-timeline,A-original,A-original,reference_card_or_table,False,True,5,5,1,0,build_figures.py,36-fasting-cleanses-protocols.md,none
16-mitochondria-section,A-original,A-original,schematic_diagram,False,True,5,5,1,0,build_schematics.py,37-mitochondrial-health.md,none
17-organ-systems-map,A-original,A-original,reference_card_or_table,False,True,5,5,1,0,build_schematics.py,18-genetics-anatomy.md,none
18-mechanism-convergence,A-original,A-original,schematic_diagram,False,True,5,5,1,0,build_cards.py,12-mechanism-bridge.md,none
19-emergency-wallet,A-original,A-original,reference_card_or_table,False,True,5,5,1,0,build_cards.py,34-emergency-acute.md,none
20-strength-jcurve,A-original,A-original,data_chart,False,True,5,5,1,0,build_wave2.py,02-training.md,none
21-steps-plateau,A-original,A-original,data_chart,False,True,5,5,1,0,build_wave2.py,02-training.md,none
22-sleep-ushape,A-original,A-original,data_chart,False,True,5,5,1,0,build_wave2.py,05-recovery-sleep-stress.md,none
23-sauna-mortality,A-original,A-original,data_chart,False,True,5,5,1,0,build_wave2.py,05-recovery-sleep-stress.md,none
27-lifespan-ledger,A-original,A-original,data_chart,False,True,5,5,1,0,build_wave2.py,33-public-health-systems.md,none
28-supplement-matrix,A-original,A-original,reference_card_or_table,False,True,5,5,1,0,build_wave2.py,03-nutrition-supplements.md,none
29-modality-matrix,A-original,A-original,reference_card_or_table,False,True,5,5,1,0,build_wave2.py,44-exercise-modalities.md,none
30-hallmarks-aging,A-original,A-original,schematic_diagram,False,True,5,5,1,0,build_wave2.py,01-foundations.md,none
31-four-horsemen,A-original,A-original,reference_card_or_table,False,True,5,5,1,0,build_wave2.py,07-clinical-prevention.md,none
32-apob-cumulative,A-original,A-original,data_chart,False,True,5,5,1,0,build_wave3.py,22-disease-cardiometabolic-renal.md,none
33-protein-dose,A-original,A-original,data_chart,False,True,5,4,1,0,build_wave3.py,03-nutrition-supplements.md,none
34-resting-hr,A-original,A-original,data_chart,False,True,5,5,1,0,build_wave3.py,WHAT-TO-TRACK-SYNTHESIS.md,none
37-biohacking-matrix,A-original,A-original,reference_card_or_table,False,True,5,5,1,0,build_wave3.py,32-biohacking-fringe.md,none
38-cam-matrix,A-original,A-original,reference_card_or_table,False,True,5,5,1,0,build_wave3.py,30-complementary-medicine.md,none
39-evidence-ladder,A-original,A-original,reference_card_or_table,False,True,5,5,1,0,build_wave3.py,00-atlas.md,none
40-weekly-program,A-original,A-original,reference_card_or_table,False,True,5,5,1,0,build_wave3.py,02-training.md,none
41-atherosclerosis-cascade,A-original,A-original,schematic_diagram,False,True,5,5,1,0,build_wave3.py,22-disease-cardiometabolic-renal.md,none
42-metabolic-syndrome,A-original,A-original,reference_card_or_table,False,True,5,5,1,0,build_wave3.py,22-disease-cardiometabolic-renal.md,none
43-grip-mortality,A-original,A-original,data_chart,False,True,5,5,1,0,build_wave4.py,02-training.md,none
44-sleep-hypnogram,A-original,A-original,data_chart,False,True,5,5,1,0,build_wave4.py,05-recovery-sleep-stress.md,none
45-cortisol-rhythm,A-original,A-original,data_chart,False,True,5,5,1,0,build_wave4.py,13-endocrine-hormones.md,none
46-action-potential,A-original,A-original,data_chart,False,True,5,5,1,0,build_wave4.py,14-nervous-system.md,none
48-hrt-timing,A-original,A-original,data_chart,False,True,5,5,1,0,build_wave4.py,42-reproductive-sexual-health.md,none
49-imaging-matrix,A-original,A-original,reference_card_or_table,False,True,5,5,1,0,build_wave4.py,40-imaging-radiology.md,none
50-ckd-heatmap,A-original,A-original,data_chart,False,True,5,5,1,0,build_wave4.py,22-disease-cardiometabolic-renal.md,none
51-pain-biopsychosocial,A-original,A-original,schematic_diagram,False,True,5,5,1,0,build_wave4.py,21-pain-injury-rehab.md,none
52-innate-adaptive,A-original,A-original,reference_card_or_table,False,True,5,5,1,0,build_wave4.py,15-immune-system.md,none
53-cancer-screening,A-original,A-original,reference_card_or_table,False,True,5,5,1,0,build_wave4.py,07-clinical-prevention.md,none
54-gut-brain-axis,A-original,A-original,schematic_diagram,False,True,5,5,1,0,build_wave4.py,14-nervous-system.md,none
55-omega3-index,A-original,A-original,data_chart,False,True,5,5,1,0,build_wave5.py,03-nutrition-supplements.md,none
56-visceral-fat,A-original,A-original,data_chart,False,True,5,5,1,0,build_wave5.py,22-disease-cardiometabolic-renal.md,none
57-mediterranean,A-original,A-original,data_chart,False,True,5,5,1,0,build_wave5.py,03-nutrition-supplements.md,none
59-metabolic-flexibility,A-original,A-original,data_chart,False,True,5,5,1,0,build_wave5.py,22-disease-cardiometabolic-renal.md,none
60-four-capacities,A-original,A-original,reference_card_or_table,False,True,5,5,1,0,build_wave5.py,02-training.md,none
61-endocrine-axes,A-original,A-original,schematic_diagram,False,True,5,5,1,0,build_wave5.py,13-endocrine-hormones.md,none
62-longevity-plate,A-original,A-original,reference_card_or_table,False,True,5,4,1,0,build_wave5.py,03-nutrition-supplements.md,none
63-sleep-hygiene,A-original,A-original,reference_card_or_table,False,True,5,5,1,0,build_wave5.py,05-recovery-sleep-stress.md,none
64-geroprotector-matrix,A-original,A-original,reference_card_or_table,False,True,5,5,1,0,build_wave5.py,10-medical-pharmacology.md,none
65-hpa-axis,A-original,A-original,schematic_diagram,False,True,5,5,1,0,build_wave5.py,13-endocrine-hormones.md,none
66-synapse,A-original,A-original,schematic_diagram,False,True,5,5,1,0,build_wave5.py,14-nervous-system.md,none
67-bp-sprint,A-original,A-original,data_chart,False,True,5,5,1,0,build_wave6.py,07-clinical-prevention.md,none
68-hba1c-risk,A-original,A-original,data_chart,False,True,5,5,1,0,build_wave6.py,22-disease-cardiometabolic-renal.md,none
70-cac-risk,A-original,A-original,data_chart,False,True,5,5,1,0,build_wave6.py,07-clinical-prevention.md,none
72-bone-tscore,A-original,A-original,data_chart,False,True,5,5,1,0,build_wave6.py,11-body-systems.md,none
74-screening-by-age,A-original,A-original,reference_card_or_table,False,True,5,5,1,0,build_wave6.py,07-clinical-prevention.md,none
75-blood-panel,A-original,A-original,reference_card_or_table,False,True,5,5,1,0,build_wave6.py,41-pathology-lab-medicine.md,none
76-cancer-treatment,A-original,A-original,reference_card_or_table,False,True,5,5,1,0,build_wave6.py,25-oncology.md,none
77-vaccine-schedule,A-original,A-original,reference_card_or_table,False,True,5,5,1,0,build_wave6.py,26-infectious-disease.md,none
78-insulin-resistance,A-original,A-original,schematic_diagram,False,True,5,5,1,0,build_wave6.py,22-disease-cardiometabolic-renal.md,none
79-inflammation-paths,A-original,A-original,schematic_diagram,False,True,5,5,1,0,build_wave6.py,15-immune-system.md,none
80-prevention-by-decade,A-original,A-original,reference_card_or_table,False,True,5,5,1,0,build_wave6.py,07-clinical-prevention.md,none
81-lifespan-over-time,A-original,A-original,data_chart,False,True,5,5,1,0,build_wave7.py,33-public-health-systems.md,none
84-cancer-incidence,A-original,A-original,data_chart,False,True,5,5,1,0,build_wave7.py,25-oncology.md,none
85-calerie,A-original,A-original,data_chart,False,True,5,5,1,0,build_wave7.py,36-fasting-cleanses-protocols.md,none
86-vo2max-age,A-original,A-original,data_chart,False,True,5,5,1,0,build_wave7.py,19-life-stages.md,none
87-hormesis-curve,A-original,A-original,data_chart,False,True,5,5,1,0,build_wave7.py,01-foundations.md,none
88-dementia-checklist,A-original,A-original,reference_card_or_table,False,True,5,5,1,0,build_wave7.py,08-brain-cognitive.md,none
89-fasting-protocols,A-original,A-original,reference_card_or_table,False,True,5,5,1,0,build_wave7.py,36-fasting-cleanses-protocols.md,none
90-recovery-toolkit,A-original,A-original,reference_card_or_table,False,True,5,5,1,0,build_wave7.py,05-recovery-sleep-stress.md,none
91-minimal-equipment,A-original,A-original,reference_card_or_table,False,True,5,5,1,0,build_wave7.py,02-training.md,none
92-autonomic-ns,A-original,A-original,reference_card_or_table,False,True,5,5,1,0,build_wave7.py,14-nervous-system.md,none
93-fight-or-flight,A-original,A-original,schematic_diagram,False,True,5,5,1,0,build_wave7.py,14-nervous-system.md,none
94-menopause-timeline,A-original,A-original,data_chart,False,True,5,5,1,0,build_wave7.py,42-reproductive-sexual-health.md,none
95-social-connection,A-original,A-original,data_chart,False,True,5,5,1,0,build_wave8.py,05-recovery-sleep-stress.md,none
96-smoking-quit,A-original,A-original,data_chart,False,True,5,5,1,0,build_wave8.py,09-exposures-environment.md,none
98-epigenetic-clock,A-original,A-original,data_chart,False,True,5,5,1,0,build_wave8.py,18-genetics-anatomy.md,none
99-sarcopenia,A-original,A-original,data_chart,False,True,5,5,1,0,build_wave8.py,19-life-stages.md,none
A01-neuron,A-original,A-original,schematic_diagram,False,True,5,5,1,0,build_body_anat.py,14-nervous-system.md,none
A03-end-replication,A-original,A-original,schematic_diagram,False,True,5,5,1,0,build_body_anat.py,16-telomeres-cellular-aging.md,none
A04-telomere-cap,A-original,A-original,schematic_diagram,False,True,5,5,1,0,build_body_anat.py,16-telomeres-cellular-aging.md,none
A05-cns-pns,A-original,A-original,reference_card_or_table,False,True,5,5,1,0,build_body_anat.py,14-nervous-system.md,none
A06-nociception,A-original,A-original,schematic_diagram,False,True,5,5,1,0,build_body_anat.py,21-pain-injury-rehab.md,none
A08-osteosarcopenia,A-original,A-original,schematic_diagram,False,True,5,5,1,0,build_body_anat.py,11-body-systems.md,none
A09-hpg,A-original,A-original,reference_card_or_table,False,True,5,5,1,0,build_body_anat.py,13-endocrine-hormones.md,none
A10-ed-cardiac,A-original,A-original,schematic_diagram,False,True,5,5,1,0,build_body_anat.py,42-reproductive-sexual-health.md,none
A11-senescence-triggers,A-original,A-original,schematic_diagram,False,True,5,5,1,0,build_body_anat.py,16-telomeres-cellular-aging.md,none
A12-telomere-clock,A-original,A-original,schematic_diagram,False,True,5,5,1,0,build_body_anat.py,16-telomeres-cellular-aging.md,none
B01-hormone-age,A-original,A-original,data_chart,False,True,5,5,1,0,build_body_charts.py,13-endocrine-hormones.md,none
B02-igf1-u-curve,A-original,A-original,data_chart,False,True,5,5,1,0,build_body_charts.py,13-endocrine-hormones.md,none
B03-apoe-gene-dose,A-original,A-original,data_chart,False,True,5,5,1,0,build_body_charts.py,18-genetics-anatomy.md,none
B04-fev1-fletcher-peto,A-original,A-original,data_chart,False,True,5,5,1,0,build_body_charts.py,17-organ-systems-atlas.md,none
B05-egfr-decline,A-original,A-original,data_chart,False,True,5,5,1,0,build_body_charts.py,17-organ-systems-atlas.md,none
B06-ovarian-reserve,A-original,A-original,data_chart,False,True,5,5,1,0,build_body_charts.py,42-reproductive-sexual-health.md,none
B08-contraception,A-original,A-original,data_chart,False,True,5,5,1,0,build_body_charts.py,42-reproductive-sexual-health.md,none
B09-menstrual-cycle,A-original,A-original,data_chart,False,True,5,5,1,0,build_body_charts.py,42-reproductive-sexual-health.md,none
B11-bone-load,A-original,A-original,data_chart,False,True,5,5,1,0,build_body_charts.py,11-body-systems.md,none
B12-hip-fracture-mortality,A-original,A-original,data_chart,False,True,5,5,1,0,build_body_charts.py,11-body-systems.md,none
B13-noise-dose,A-original,A-original,data_chart,False,True,5,5,1,0,build_body_charts.py,11-body-systems.md,none
B14-fiber-mortality,A-original,A-original,data_chart,False,True,5,5,1,0,build_body_charts.py,03-nutrition-supplements.md,none
BS1-levels-of-organization,A-original,A-original,schematic_diagram,False,True,5,5,1,0,build_body_schematic.py,18-genetics-anatomy.md,none
BS2-vo2max-oxygen-chain,A-original,A-original,schematic_diagram,False,True,5,5,1,0,build_body_schematic.py,18-genetics-anatomy.md,none
BS3-food-to-atp-chain,A-original,A-original,schematic_diagram,False,True,5,5,1,0,build_body_schematic.py,18-genetics-anatomy.md,none
BS4-endocrine-axis,A-original,A-original,schematic_diagram,False,True,5,5,1,0,build_body_schematic.py,13-endocrine-hormones.md,none
BS5-inflammation-acute-chronic,A-original,A-original,schematic_diagram,False,True,5,5,1,0,build_body_schematic.py,15-immune-system.md,none
BS6-masld-progression,A-original,A-original,schematic_diagram,False,True,5,5,1,0,build_body_schematic.py,23-disease-respiratory-gi.md,none
BS7-iron-two-sided,A-original,A-original,reference_card_or_table,False,True,5,5,1,0,build_body_schematic.py,17-organ-systems-atlas.md,none
BS8-inflammaging-hub,A-original,A-original,schematic_diagram,False,True,5,5,1,0,build_body_schematic.py,15-immune-system.md,none
BX1-actionable-variants,A-original,A-original,reference_card_or_table,False,True,5,5,1,0,build_body_matrix.py,18-genetics-anatomy.md,none
BX2-neurotransmitters,A-original,A-original,reference_card_or_table,False,True,5,5,1,0,build_body_matrix.py,14-nervous-system.md,none
BX3-immune-ladder,A-original,A-original,reference_card_or_table,False,True,5,5,1,0,build_body_matrix.py,15-immune-system.md,none
BX4-telomere-grading,A-original,A-original,reference_card_or_table,False,True,5,5,1,0,build_body_matrix.py,16-telomeres-cellular-aging.md,none
BX5-skincare-hierarchy,A-original,A-original,reference_card_or_table,False,True,5,5,1,0,build_body_matrix.py,11-body-systems.md,none
BX6-sti-matrix,A-original,A-original,reference_card_or_table,False,True,5,5,1,0,build_body_matrix.py,42-reproductive-sexual-health.md,none
BX7-gynecologic,A-original,A-original,reference_card_or_table,False,True,5,5,1,0,build_body_matrix.py,42-reproductive-sexual-health.md,none
BX8-innate-components,A-original,A-original,reference_card_or_table,False,True,5,5,1,0,build_body_matrix.py,15-immune-system.md,none
D01-direct-remission,A-original,A-original,data_chart,False,True,5,5,1,0,build_disease_charts.py,22-disease-cardiometabolic-renal.md,none
D02-hf-four-pillars,A-original,A-original,data_chart,False,True,5,5,1,0,build_disease_charts.py,22-disease-cardiometabolic-renal.md,none
D03-cancer-survival,A-original,A-original,data_chart,False,True,5,5,1,0,build_disease_charts.py,25-oncology.md,none
D04-stroke-nnt,A-original,A-original,data_chart,False,True,5,5,1,0,build_disease_charts.py,24-disease-neuro-rheum.md,none
D06-herd-immunity,A-original,A-original,data_chart,False,True,5,5,1,0,build_disease_charts.py,26-infectious-disease.md,none
D07-antidepressant-severity,A-original,A-original,data_chart,False,True,5,5,1,0,build_disease_charts.py,20-mental-health-psychiatry.md,none
D08-moud-mortality,A-original,A-original,data_chart,False,True,5,5,1,0,build_disease_charts.py,35-addiction-substance-use.md,none
D09-addictiveness-lethality,A-original,A-original,data_chart,False,True,5,5,1,0,build_disease_charts.py,35-addiction-substance-use.md,none
D11-bp-lifestyle,A-original,A-original,data_chart,False,True,5,5,1,0,build_disease_charts.py,07-clinical-prevention.md,none
D12-hepc-cure,A-original,A-original,data_chart,False,True,5,5,1,0,build_disease_charts.py,23-disease-respiratory-gi.md,none
D16-migraine-cgrp,A-original,A-original,data_chart,False,True,5,5,1,0,build_disease_charts2.py,24-disease-neuro-rheum.md,none
D17-neuropathy-nnt,A-original,A-original,data_chart,False,True,5,5,1,0,build_disease_charts2.py,24-disease-neuro-rheum.md,none
D21-lithium-suicide,A-original,A-original,data_chart,False,True,5,5,1,0,build_disease_charts2.py,20-mental-health-psychiatry.md,none
D22-brca-risk,A-original,A-original,data_chart,False,True,5,5,1,0,build_disease_charts2.py,25-oncology.md,none
D23-oncogene-frequency,A-original,A-original,data_chart,False,True,5,5,1,0,build_disease_charts2.py,25-oncology.md,none
D24-checkmate-melanoma,A-original,A-original,data_chart,False,True,5,5,1,0,build_disease_charts2.py,25-oncology.md,none
DS1-t2d-ladder,A-original,A-original,reference_card_or_table,False,True,5,5,1,0,build_disease_schematic.py,22-disease-cardiometabolic-renal.md,none
DS10-parkinsons-prodrome,A-original,A-original,reference_card_or_table,False,True,5,5,1,0,build_disease_schematic.py,24-disease-neuro-rheum.md,none
DS11-vaccine-timeline,A-original,A-original,reference_card_or_table,False,True,5,5,1,0,build_disease_schematic.py,26-infectious-disease.md,none
DS12-one-machine,A-original,A-original,schematic_diagram,False,True,5,5,1,0,build_disease_schematic.py,22-disease-cardiometabolic-renal.md,none
DS2-hf-ef-spectrum,A-original,A-original,reference_card_or_table,False,True,5,5,1,0,build_disease_schematic.py,22-disease-cardiometabolic-renal.md,none
DS3-crc-sequence,A-original,A-original,schematic_diagram,False,True,5,5,1,0,build_disease_schematic.py,25-oncology.md,none
DS4-gout,A-original,A-original,schematic_diagram,False,True,5,5,1,0,build_disease_schematic.py,24-disease-neuro-rheum.md,none
DS5-ra-target,A-original,A-original,schematic_diagram,False,True,5,5,1,0,build_disease_schematic.py,24-disease-neuro-rheum.md,none
DS6-low-fodmap,A-original,A-original,reference_card_or_table,False,True,5,5,1,0,build_disease_schematic.py,23-disease-respiratory-gi.md,none
DS7-asthma,A-original,A-original,schematic_diagram,False,True,5,5,1,0,build_disease_schematic.py,23-disease-respiratory-gi.md,none
DS8-osa,A-original,A-original,schematic_diagram,False,True,5,5,1,0,build_disease_schematic.py,23-disease-respiratory-gi.md,none
DS9-stroke-windows,A-original,A-original,reference_card_or_table,False,True,5,5,1,0,build_disease_schematic.py,24-disease-neuro-rheum.md,none
DX1-psychiatric,A-original,A-original,reference_card_or_table,False,True,5,5,1,0,build_disease_matrix.py,20-mental-health-psychiatry.md,none
DX2-mat-moud,A-original,A-original,reference_card_or_table,False,True,5,5,1,0,build_disease_matrix.py,35-addiction-substance-use.md,none
DX3-pathogen-classes,A-original,A-original,reference_card_or_table,False,True,5,5,1,0,build_disease_matrix.py,26-infectious-disease.md,none
DX4-cancer-screening,A-original,A-original,reference_card_or_table,False,True,5,5,1,0,build_disease_matrix.py,07-clinical-prevention.md,none
DX5-chronic-viral,A-original,A-original,reference_card_or_table,False,True,5,5,1,0,build_disease_matrix.py,26-infectious-disease.md,none
E1-choking,A-original,A-original,reference_card_or_table,False,True,5,5,1,0,build_emergency.py,34-emergency-acute.md,none
E2-stop-the-bleed,A-original,A-original,reference_card_or_table,False,True,5,5,1,0,build_emergency.py,34-emergency-acute.md,none
E3-naloxone,A-original,A-original,reference_card_or_table,False,True,5,5,1,0,build_emergency.py,34-emergency-acute.md,none
E4-sepsis,A-original,A-original,reference_card_or_table,False,True,5,5,1,0,build_emergency.py,34-emergency-acute.md,none
E5-burns,A-original,A-original,reference_card_or_table,False,True,5,5,1,0,build_emergency.py,34-emergency-acute.md,none
E6-seizure,A-original,A-original,reference_card_or_table,False,True,5,5,1,0,build_emergency.py,34-emergency-acute.md,none
E7-heat-stroke,A-original,A-original,reference_card_or_table,False,True,5,5,1,0,build_emergency.py,34-emergency-acute.md,none
F01-week-calendar,A-original,A-original,reference_card_or_table,False,True,5,5,1,0,build_final_svg.py,02-training.md,none
F02-rpe-rir,A-original,A-original,reference_card_or_table,False,True,5,5,1,0,build_final_svg.py,02-training.md,none
F03-dietary-pattern,A-original,A-original,schematic_diagram,False,True,5,5,1,0,build_final_svg.py,03-nutrition-supplements.md,none
F04-fasting-exclusions,A-original,A-original,reference_card_or_table,False,True,5,5,1,0,build_final_svg.py,36-fasting-cleanses-protocols.md,none
F05-refeeding,A-original,A-original,schematic_diagram,False,True,5,5,1,0,build_final_svg.py,36-fasting-cleanses-protocols.md,none
F07-if-then,A-original,A-original,reference_card_or_table,False,True,5,5,1,0,build_final_svg.py,29-behavior-change.md,none
F08-head-trauma,A-original,A-original,reference_card_or_table,False,True,5,5,1,0,build_final_svg.py,45-sports-play.md,none
F09-deprescribing,A-original,A-original,reference_card_or_table,False,True,5,5,1,0,build_final_svg.py,28-pharmacology-full.md,none
F10-placebo-nocebo,A-original,A-original,reference_card_or_table,False,True,5,5,1,0,build_final_svg.py,28-pharmacology-full.md,none
G02-leucine,A-original,A-original,data_chart,False,True,5,5,1,0,build_final_charts.py,03-nutrition-supplements.md,none
G03-cost-per-ly,A-original,A-original,data_chart,False,True,5,5,1,0,build_final_charts.py,33-public-health-systems.md,none
G05-rose,A-original,A-original,data_chart,False,True,5,5,1,0,build_final_charts.py,33-public-health-systems.md,none
G06-le-doubling,A-original,A-original,data_chart,False,True,5,5,1,0,build_final_charts.py,33-public-health-systems.md,none
G07-sport-radar,A-original,A-original,data_chart,False,True,5,5,1,0,build_final_charts.py,45-sports-play.md,none
L01-running-oa,A-original,A-original,data_chart,False,True,5,5,1,0,build_life_charts.py,44-exercise-modalities.md,none
L02-sport-hr,A-original,A-original,data_chart,False,True,5,5,1,0,build_life_charts.py,45-sports-play.md,none
L03-taichi-falls,A-original,A-original,data_chart,False,True,5,5,1,0,build_life_charts.py,44-exercise-modalities.md,none
L06-tre-cr,A-original,A-original,data_chart,False,True,5,5,1,0,build_life_charts.py,36-fasting-cleanses-protocols.md,none
L08-intention-behavior,A-original,A-original,data_chart,False,True,5,5,1,0,build_life_charts.py,29-behavior-change.md,none
L09-habit-formation,A-original,A-original,data_chart,False,True,5,5,1,0,build_life_charts.py,29-behavior-change.md,none
L10-capacity-arc,A-original,A-original,data_chart,False,True,5,5,1,0,build_life_charts.py,19-life-stages.md,none
L11-fertility-decline,A-original,A-original,data_chart,False,True,5,5,1,0,build_life_charts.py,19-life-stages.md,none
L12-compression-morbidity,A-original,A-original,data_chart,False,True,5,5,1,0,build_life_charts.py,19-life-stages.md,none
L13-exposures,A-original,A-original,data_chart,False,True,5,5,1,0,build_life_charts.py,09-exposures-environment.md,none
L14-determinants,A-original,A-original,data_chart,False,True,5,5,1,0,build_life_charts.py,33-public-health-systems.md,none
L15-lifespan-doubled,A-original,A-original,data_chart,False,True,5,5,1,0,build_life_charts.py,33-public-health-systems.md,none
L18-cold-heat,A-original,A-original,data_chart,False,True,5,5,1,0,build_life_charts.py,09-exposures-environment.md,none
M02-overhead-press,A-original,A-original,anatomical_illustration,False,True,5,5,1,0,build_movements.py,02-training.md,none
M03-pull-up,A-original,A-original,schematic_diagram,False,True,5,5,1,0,build_movements.py,02-training.md,none
M05-side-plank,A-original,A-original,anatomical_illustration,False,True,5,5,1,0,build_movements.py,02-training.md,none
M06-kettlebell-swing,A-original,A-original,schematic_diagram,False,True,5,5,1,0,build_movements.py,02-training.md,none
M07-bent-over-row,A-original,A-original,schematic_diagram,False,True,5,5,1,0,build_movements2.py,02-training.md,none
M08-suitcase-carry,A-original,A-original,anatomical_illustration,False,True,5,5,1,0,build_movements2.py,02-training.md,none
M09-calf-raise,A-original,A-original,anatomical_illustration,False,True,5,5,1,0,build_movements2.py,02-training.md,none
M10-wall-sit,A-original,A-original,schematic_diagram,False,True,5,5,1,0,build_movements2.py,02-training.md,none
M11-bird-dog,A-original,A-original,schematic_diagram,False,True,5,5,1,0,build_movements2.py,02-training.md,none
M12-dip,A-original,A-original,schematic_diagram,False,True,5,5,1,0,build_movements3.py,02-training.md,none
M13-dead-hang,A-original,A-original,anatomical_illustration,False,True,5,5,1,0,build_movements3.py,02-training.md,none
M14-jump-rope,A-original,A-original,schematic_diagram,False,True,5,5,1,0,build_movements3.py,02-training.md,none
M16-deep-squat-hold,A-original,A-original,anatomical_illustration,False,True,5,5,1,0,build_movements3.py,02-training.md,none
M17-deadlift,A-original,A-original,schematic_diagram,False,True,5,5,1,0,build_movements4.py,02-training.md,none
M18-goblet-squat,A-original,A-original,anatomical_illustration,False,True,5,5,1,0,build_movements4.py,02-training.md,none
M19-bench-press,A-original,A-original,anatomical_illustration,False,True,5,5,1,0,build_movements4.py,02-training.md,none
M20-farmer-carry,A-original,A-original,schematic_diagram,False,True,5,5,1,0,build_movements4.py,02-training.md,none
M22-inverted-row,A-original,A-original,schematic_diagram,False,True,5,5,1,0,build_movements5.py,02-training.md,none
M23-face-pull,A-original,A-original,schematic_diagram,False,True,5,5,1,0,build_movements5.py,02-training.md,none
M24-cat-cow,A-original,A-original,anatomical_illustration,False,True,5,5,1,0,build_movements5.py,02-training.md,none
M25-thoracic-rotation,A-original,A-original,schematic_diagram,False,True,5,5,1,0,build_movements5.py,02-training.md,none
M26-running-form,A-original,A-original,schematic_diagram,False,True,5,5,1,0,build_movements5.py,02-training.md,none
M27-box-jump,A-original,A-original,anatomical_illustration,False,True,5,5,1,0,build_movements5.py,02-training.md,none
M29-pallof-press,A-original,A-original,schematic_diagram,False,True,5,5,1,0,build_movements6.py,02-training.md,none
M30-rowing-erg,A-original,A-original,schematic_diagram,False,True,5,5,1,0,build_movements6.py,02-training.md,none
M32-dead-bug,A-original,A-original,schematic_diagram,False,True,5,5,1,0,build_movements6.py,02-training.md,none
N01-supplements,A-original,A-original,reference_card_or_table,False,True,5,5,1,0,build_life_misc.py,03-nutrition-supplements.md,none
N02-fasting-protocols,A-original,A-original,reference_card_or_table,False,True,5,5,1,0,build_life_misc.py,36-fasting-cleanses-protocols.md,none
N03-toxin-tiering,A-original,A-original,reference_card_or_table,False,True,5,5,1,0,build_life_misc.py,09-exposures-environment.md,none
N04-recovery-levers,A-original,A-original,reference_card_or_table,False,True,5,5,1,0,build_life_misc.py,05-recovery-sleep-stress.md,none
N05-health-pyramid,A-original,A-original,reference_card_or_table,False,True,5,5,1,0,build_life_misc.py,33-public-health-systems.md,none
N06-frailty-pentagon,A-original,A-original,schematic_diagram,False,True,5,5,1,0,build_life_misc.py,19-life-stages.md,none
N07-circadian-dial,A-original,A-original,schematic_diagram,False,True,5,5,1,0,build_life_misc.py,05-recovery-sleep-stress.md,none
N08-com-b,A-original,A-original,reference_card_or_table,False,True,5,5,1,0,build_life_misc.py,29-behavior-change.md,none
N09-sun-ledger,A-original,A-original,reference_card_or_table,False,True,5,5,1,0,build_life_misc.py,09-exposures-environment.md,none
N10-machines-free,A-original,A-original,reference_card_or_table,False,True,5,5,1,0,build_life_misc.py,44-exercise-modalities.md,none
N11-cold-dose,A-original,A-original,reference_card_or_table,False,True,5,5,1,0,build_life_misc.py,05-recovery-sleep-stress.md,none
N12-lifespan-timeline,A-original,A-original,reference_card_or_table,False,True,5,5,1,0,build_life_misc.py,19-life-stages.md,none
P01-ppv-prevalence,A-original,A-original,data_chart,False,True,5,5,1,0,build_practice_charts.py,41-pathology-lab-medicine.md,none
P02-reference-range,A-original,A-original,data_chart,False,True,5,5,1,0,build_practice_charts.py,41-pathology-lab-medicine.md,none
P03-roc-curve,A-original,A-original,data_chart,False,True,5,5,1,0,build_practice_charts.py,41-pathology-lab-medicine.md,none
P04-dose-therapeutic-index,A-original,A-original,data_chart,False,True,5,5,1,0,build_practice_charts.py,28-pharmacology-full.md,none
P05-half-life,A-original,A-original,data_chart,False,True,5,5,1,0,build_practice_charts.py,28-pharmacology-full.md,none
P06-radiation-dose,A-original,A-original,data_chart,False,True,5,5,1,0,build_practice_charts.py,40-imaging-radiology.md,none
P07-spine-mri,A-original,A-original,data_chart,False,True,5,5,1,0,build_practice_charts.py,21-pain-injury-rehab.md,none
P09-all-cure,A-original,A-original,data_chart,False,True,5,5,1,0,build_practice_charts.py,43-developmental-congenital-pediatric.md,none
P10-myopia-outdoor,A-original,A-original,data_chart,False,True,5,5,1,0,build_practice_charts.py,27-derm-dental-ent-eye.md,none
P11-glaucoma,A-original,A-original,data_chart,False,True,5,5,1,0,build_practice_charts.py,27-derm-dental-ent-eye.md,none
P12-fluoride,A-original,A-original,data_chart,False,True,5,5,1,0,build_practice_charts.py,27-derm-dental-ent-eye.md,none
PS1-bayes-ppv,A-original,A-original,data_chart,False,True,5,5,1,0,build_practice_schematic.py,41-pathology-lab-medicine.md,none
PS10-cancer-paradox,A-original,A-original,reference_card_or_table,False,True,5,5,1,0,build_practice_schematic.py,16-telomeres-cellular-aging.md,none
PS11-imaging-physics,A-original,A-original,reference_card_or_table,False,True,5,5,1,0,build_practice_schematic.py,40-imaging-radiology.md,none
PS12-fagan,A-original,A-original,schematic_diagram,False,True,5,5,1,0,build_practice_schematic.py,41-pathology-lab-medicine.md,none
PS2-confusion-2x2,A-original,A-original,reference_card_or_table,False,True,5,5,1,0,build_practice_schematic.py,41-pathology-lab-medicine.md,none
PS3-adme,A-original,A-original,schematic_diagram,False,True,5,5,1,0,build_practice_schematic.py,28-pharmacology-full.md,none
PS4-agonist-spectrum,A-original,A-original,reference_card_or_table,False,True,5,5,1,0,build_practice_schematic.py,28-pharmacology-full.md,none
PS5-peace-love,A-original,A-original,reference_card_or_table,False,True,5,5,1,0,build_practice_schematic.py,21-pain-injury-rehab.md,none
PS6-sids,A-original,A-original,reference_card_or_table,False,True,5,5,1,0,build_practice_schematic.py,43-developmental-congenital-pediatric.md,none
PS7-milestones,A-original,A-original,reference_card_or_table,False,True,5,5,1,0,build_practice_schematic.py,43-developmental-congenital-pediatric.md,none
PS8-abcde,A-original,A-original,reference_card_or_table,False,True,5,5,1,0,build_practice_schematic.py,27-derm-dental-ent-eye.md,none
PS9-boost-regulate,A-original,A-original,reference_card_or_table,False,True,5,5,1,0,build_practice_schematic.py,15-immune-system.md,none
PX1-cyp450,A-original,A-original,reference_card_or_table,False,True,5,5,1,0,build_practice_matrix.py,28-pharmacology-full.md,none
PX2-pharmacogenomics,A-original,A-original,reference_card_or_table,False,True,5,5,1,0,build_practice_matrix.py,28-pharmacology-full.md,none
PX3-lab-categories,A-original,A-original,reference_card_or_table,False,True,5,5,1,0,build_practice_matrix.py,41-pathology-lab-medicine.md,none
PX4-trisomies,A-original,A-original,reference_card_or_table,False,True,5,5,1,0,build_practice_matrix.py,43-developmental-congenital-pediatric.md,none
PX5-skin-cancer,A-original,A-original,reference_card_or_table,False,True,5,5,1,0,build_practice_matrix.py,27-derm-dental-ent-eye.md,none
PX6-pain-multimodal,A-original,A-original,reference_card_or_table,False,True,5,5,1,0,build_practice_matrix.py,21-pain-injury-rehab.md,none
Q02-sham-surgery,A-original,A-original,data_chart,False,True,5,5,1,0,build_practice_charts2.py,38-surgery-perioperative.md,none
Q03-bariatric,A-original,A-original,data_chart,False,True,5,5,1,0,build_practice_charts2.py,38-surgery-perioperative.md,none
Q04-anesthesia-mortality,A-original,A-original,data_chart,False,True,5,5,1,0,build_practice_charts2.py,39-anesthesia-critical-care.md,none
Q05-less-is-more,A-original,A-original,data_chart,False,True,5,5,1,0,build_practice_charts2.py,39-anesthesia-critical-care.md,none
R01-surgery-verdict,A-original,A-original,reference_card_or_table,False,True,5,5,1,0,build_drugs_misc.py,38-surgery-perioperative.md,none
R02-anesthesia-types,A-original,A-original,reference_card_or_table,False,True,5,5,1,0,build_drugs_misc.py,39-anesthesia-critical-care.md,none
R03-icu-support,A-original,A-original,reference_card_or_table,False,True,5,5,1,0,build_drugs_misc.py,39-anesthesia-critical-care.md,none
R04-regen-ladder,A-original,A-original,reference_card_or_table,False,True,5,5,1,0,build_drugs_misc.py,31-regenerative-frontier.md,none
R05-laundering-gap,A-original,A-original,schematic_diagram,False,True,5,5,1,0,build_drugs_misc.py,32-biohacking-fringe.md,none
R06-four-beat,A-original,A-original,reference_card_or_table,False,True,5,5,1,0,build_drugs_misc.py,31-regenerative-frontier.md,none
R07-anecdote-engine,A-original,A-original,reference_card_or_table,False,True,5,5,1,0,build_drugs_misc.py,32-biohacking-fringe.md,none
R08-placebo-bounded,A-original,A-original,reference_card_or_table,False,True,5,5,1,0,build_drugs_misc.py,30-complementary-medicine.md,none
R09-sepsis-turnover,A-original,A-original,reference_card_or_table,False,True,5,4,1,0,build_drugs_misc.py,39-anesthesia-critical-care.md,none
R10-sedation-continuum,A-original,A-original,reference_card_or_table,False,True,5,5,1,0,build_drugs_misc.py,39-anesthesia-critical-care.md,none
Y01-calories-le,A-original,A-original,data_chart,False,True,5,5,1,0,build_final3.py,45-sports-play.md,none
Y02-glp1-outcomes,A-original,A-original,data_chart,False,True,5,5,1,0,build_final3.py,10-medical-pharmacology.md,none
Y03-mammography,A-original,A-original,data_chart,False,True,5,5,1,0,build_final3.py,07-clinical-prevention.md,none
Y04-prenatal,A-original,A-original,reference_card_or_table,False,True,5,5,1,0,build_final3.py,19-life-stages.md,none
Y06-adherence,A-original,A-original,reference_card_or_table,False,True,5,5,1,0,build_final3.py,29-behavior-change.md,none
Y07-strength-ladders,A-original,A-original,reference_card_or_table,False,True,5,5,1,0,build_final3.py,02-training.md,none
Y08-racquet-bundle,A-original,A-original,reference_card_or_table,False,True,5,5,1,0,build_final3.py,45-sports-play.md,none
Y09-liver-flush,A-original,A-original,schematic_diagram,False,True,5,5,1,0,build_final3.py,36-fasting-cleanses-protocols.md,none
Y10-gh-owngoal,A-original,A-original,reference_card_or_table,False,True,5,5,1,0,build_final3.py,32-biohacking-fringe.md,none
Y11-caffeine,A-original,A-original,data_chart,False,True,5,5,1,0,build_final3.py,05-recovery-sleep-stress.md,none
Z01-sport-matcher,A-original,A-original,reference_card_or_table,False,True,5,5,1,0,build_final2.py,45-sports-play.md,none
Z02-incidentaloma,A-original,A-original,reference_card_or_table,False,True,5,5,1,0,build_final2.py,40-imaging-radiology.md,none
Z03-metabolizer-prodrug,A-original,A-original,reference_card_or_table,False,True,5,5,1,0,build_final2.py,28-pharmacology-full.md,none
Z04-lab-pair,A-original,A-original,reference_card_or_table,False,True,5,5,1,0,build_final2.py,13-endocrine-hormones.md,none
Z05-tissue-types,A-original,A-original,reference_card_or_table,False,True,5,5,1,0,build_final2.py,18-genetics-anatomy.md,none
Z06-gland-map,A-original,A-original,anatomical_illustration,False,True,5,5,1,0,build_final2.py,13-endocrine-hormones.md,none
Z07-homology,A-original,A-original,schematic_diagram,False,True,5,5,1,0,build_final2.py,42-reproductive-sexual-health.md,none
Z08-breathwork,A-original,A-original,reference_card_or_table,False,True,5,5,1,0,build_final2.py,05-recovery-sleep-stress.md,none
Z09-vaccines-kids,A-original,A-original,reference_card_or_table,False,True,5,5,1,0,build_final2.py,26-infectious-disease.md,none
Z10-imaging-flow,A-original,A-original,reference_card_or_table,False,True,5,5,1,0,build_final2.py,40-imaging-radiology.md,none
Z11-pku,A-original,A-original,reference_card_or_table,False,True,5,5,1,0,build_final2.py,43-developmental-congenital-pediatric.md,none
Z12-stemcell-flags,A-original,A-original,reference_card_or_table,False,True,5,5,1,0,build_final2.py,31-regenerative-frontier.md,none
Z13-surgery-questions,A-original,A-original,reference_card_or_table,False,True,5,5,1,0,build_final2.py,38-surgery-perioperative.md,none
atorvastatin-structure,A-original,A-original,molecular_structure,False,True,5,5,0,0,build_structures.py,,none
atp-synthase-turbine,A-original,A-original,molecular_structure,False,True,5,4,1,0,build_structures.py,01-foundations.md,none
complex-I-etc,A-original,A-original,molecular_structure,False,True,5,4,1,0,build_structures.py,37-mitochondrial-health.md,none
complex-II-sdh,A-original,A-original,molecular_structure,False,True,5,4,1,0,build_structures.py,37-mitochondrial-health.md,none
dna-double-helix,A-original,A-original,molecular_structure,False,True,5,5,1,0,build_structures.py,01-foundations.md,none
empagliflozin-structure,A-original,A-original,molecular_structure,False,True,5,5,0,0,build_structures.py,,none
hemoglobin,A-original,A-original,molecular_structure,False,True,5,4,0,0,build_body_schematic.py,,none
insulin,A-original,A-original,molecular_structure,False,True,5,5,0,0,build_structures.py,,none
metformin-structure,A-original,A-original,molecular_structure,False,True,5,5,0,0,build_structures.py,,none
na-k-atpase,A-original,A-original,molecular_structure,False,True,5,5,0,0,build_structures.py,,none
rapamycin-structure,A-original,A-original,molecular_structure,False,True,5,5,0,0,build_structures.py,,none
rosuvastatin-structure,A-original,A-original,molecular_structure,False,True,5,4,0,0,build_structures.py,,none
RA01-neuron,B-borrowed,B-borrowed,anatomical_illustration,False,True,5,5,1,2,build_realmedia.py,14-nervous-system.md,none
RA02-synapse,B-borrowed,B-borrowed,schematic_diagram,False,True,5,5,1,2,build_realmedia.py,14-nervous-system.md,none
RA03-mitochondrion,B-borrowed,B-borrowed,anatomical_illustration,False,True,5,5,1,2,build_realmedia.py,01-foundations.md,none
RA04-nephron,B-borrowed,B-borrowed,schematic_diagram,False,True,5,4,1,2,build_realmedia.py,17-organ-systems-atlas.md,None
RA05-endocrine-glands,B-borrowed,B-borrowed,anatomical_illustration,False,True,4,4,1,2,build_realmedia.py,13-endocrine-hormones.md,Testis label placement slightly ambiguous; otherwise excellent
RA06-action-potential,B-borrowed,B-borrowed,anatomical_illustration,False,True,5,5,1,2,build_realmedia.py,14-nervous-system.md,none
RA07-dna-replication,B-borrowed,B-borrowed,schematic_diagram,False,True,5,5,1,2,build_realmedia.py,01-foundations.md,none
RA08-telomere,B-borrowed,B-borrowed,schematic_diagram,False,True,5,5,1,2,build_realmedia.py,16-telomeres-cellular-aging.md,none
RA09-brain-lobes,B-borrowed,B-borrowed,anatomical_illustration,False,True,5,5,1,2,build_realmedia.py,08-brain-cognitive.md,none
RA10-atherosclerosis,B-borrowed,B-borrowed,anatomical_illustration,False,True,5,5,1,2,build_realmedia.py,22-disease-cardiometabolic-renal.md,none
RA14-heart,B-borrowed,B-borrowed,anatomical_illustration,False,True,5,5,1,2,build_realmedia.py,22-disease-cardiometabolic-renal.md,none
RA15-the-cell,B-borrowed,B-borrowed,anatomical_illustration,False,True,4,4,1,2,build_realmedia.py,01-foundations.md,Minor label crowding on left margin; small text slightly fine
RA11-tissue-epithelial,C-real,C-real-data,histology_or_micrograph,True,True,5,4,1,0,build_realmedia.py,18-genetics-anatomy.md,none
RA12-tissue-connective,C-real,C-real-data,histology_or_micrograph,True,True,5,4,1,0,build_realmedia.py,18-genetics-anatomy.md,none
RA13-tissue-muscle,C-real,C-real-data,histology_or_micrograph,True,True,3,3,1,0,build_realmedia.py,18-genetics-anatomy.md,"Hand-drawn labels, inconsistent handwriting, faded/unclear specimen"
F06-debunks,D-lowquality,A-original,reference_card_or_table,False,True,2,2,1,3,build_final_svg.py,29-behavior-change.md,Strikethrough text unreadable; claims lack evidence; poor design clarity
_design-system-sheet,util,utility,reference_card_or_table,False,True,5,5,0,0,,,none
_signature-set-contact-sheet,util,utility,reference_card_or_table,False,True,4,3,0,0,,,Dense text layout; small type at reading distance; cramped spacing
_signature-set-contact-sheet-0,util,utility,data_chart,False,True,4,4,0,0,,,"Minor: some charts compressed at edges, small labels"
_signature-set-contact-sheet-1,util,utility,reference_card_or_table,False,True,4,3,0,0,,,Small text labels; color swatches legible but descriptive text cramped
