name	branch	posed	resolved	status	posed_evidence	source	licence	statement	statement_source	status_source	keywords	market
Shall we even understand the fly's brain?	mind	2006		partial	chapter title in 23 Problems in Systems Neuroscience, van Hemmen and Sejnowski, Oxford University Press 2006	https://catdir.loc.gov/catdir/toc/ecip057/2005003411.html	Library of Congress record, chapter titles cited, statement paraphrased	Can the roughly 100,000 neurons of the fly brain be understood as a complete circuit that explains the animal's behaviour?	https://catdir.loc.gov/catdir/toc/ecip057/2005003411.html	Wikipedia, Drosophila connectome (https://en.wikipedia.org/wiki/Drosophila_connectome): the full adult fly brain connectome of about 140,000 neurons was published in 2024; circuit-to-behaviour understanding stays partial	fly brain;connectome;Drosophila	
Can we understand the action of brain in natural environments?	mind	2006		open	chapter title in 23 Problems in Systems Neuroscience, van Hemmen and Sejnowski, Oxford University Press 2006	https://catdir.loc.gov/catdir/toc/ecip057/2005003411.html	Library of Congress record, chapter titles cited, statement paraphrased	Can neural processing be understood under natural stimuli and free behaviour rather than simplified laboratory conditions?	https://catdir.loc.gov/catdir/toc/ecip057/2005003411.html	no accepted resolution found by 2026; Wikipedia, List of unsolved problems in neuroscience (https://en.wikipedia.org/wiki/List_of_unsolved_problems_in_neuroscience)	natural scenes;ethology;neural processing	
Which brain functions are lateralized and why?	mind	2006		open	chapter title in 23 Problems in Systems Neuroscience, van Hemmen and Sejnowski, Oxford University Press 2006	https://catdir.loc.gov/catdir/toc/ecip057/2005003411.html	Library of Congress record, chapter titles cited, statement paraphrased	Which functions are assigned to one cerebral hemisphere, and what evolutionary or developmental reason produces that asymmetry?	https://catdir.loc.gov/catdir/toc/ecip057/2005003411.html	no accepted resolution found by 2026; Wikipedia, List of unsolved problems in neuroscience (https://en.wikipedia.org/wiki/List_of_unsolved_problems_in_neuroscience)	lateralisation;hemispheric dominance	
What is the function of the thalamus?	mind	2006		open	chapter title in 23 Problems in Systems Neuroscience, van Hemmen and Sejnowski, Oxford University Press 2006	https://catdir.loc.gov/catdir/toc/ecip057/2005003411.html	Library of Congress record, chapter titles cited, statement paraphrased	What does the thalamus do beyond relaying sensory input to cortex, and how do its first-order and higher-order nuclei shape cortical processing?	https://catdir.loc.gov/catdir/toc/ecip057/2005003411.html	no accepted resolution found by 2026; Wikipedia, List of unsolved problems in neuroscience (https://en.wikipedia.org/wiki/List_of_unsolved_problems_in_neuroscience)	thalamus;thalamocortical;relay	
What is a neuronal map, how does it arise, and what is it good for?	mind	2006		partial	chapter title in 23 Problems in Systems Neuroscience, van Hemmen and Sejnowski, Oxford University Press 2006	https://catdir.loc.gov/catdir/toc/ecip057/2005003411.html	Library of Congress record, chapter titles cited, statement paraphrased	How do topographic neuronal maps form during development, and what computational advantage do they give the brain?	https://catdir.loc.gov/catdir/toc/ecip057/2005003411.html	Wikipedia, Topographic map (neuroanatomy) (https://en.wikipedia.org/wiki/Topographic_map_(neuroanatomy)): molecular gradients and activity-dependent refinement explain map formation in several systems; the computational role stays debated	neuronal maps;topography;development	
What is the role of top-down connections?	mind	2006		open	chapter title in 23 Problems in Systems Neuroscience, van Hemmen and Sejnowski, Oxford University Press 2006	https://catdir.loc.gov/catdir/toc/ecip057/2005003411.html	Library of Congress record, chapter titles cited, statement paraphrased	What do the feedback connections from higher to lower cortical areas compute, given that they outnumber the feedforward ones?	https://catdir.loc.gov/catdir/toc/ecip057/2005003411.html	no accepted resolution found by 2026; Wikipedia, List of unsolved problems in neuroscience (https://en.wikipedia.org/wiki/List_of_unsolved_problems_in_neuroscience)	feedback connections;top-down;cortex	
How fast is neuronal signal transmission?	mind	2006		partial	chapter title in 23 Problems in Systems Neuroscience, van Hemmen and Sejnowski, Oxford University Press 2006	https://catdir.loc.gov/catdir/toc/ecip057/2005003411.html	Library of Congress record, chapter titles cited, statement paraphrased	How fast can a population of neurons transmit a signal change, and what limits that speed in cortical circuits?	https://catdir.loc.gov/catdir/toc/ecip057/2005003411.html	Wikipedia, Neural coding (https://en.wikipedia.org/wiki/Neural_coding): population responses can track input changes within a few milliseconds in theory and experiment; the limits in behaving animals stay under study	transmission speed;population coding;spiking	
What is the origin and function of irregular neural activity?	mind	2006		open	chapter title in 23 Problems in Systems Neuroscience, van Hemmen and Sejnowski, Oxford University Press 2006	https://catdir.loc.gov/catdir/toc/ecip057/2005003411.html	Library of Congress record, chapter titles cited, statement paraphrased	Why is cortical spiking so irregular, and does that variability serve a computational function or reflect noise?	https://catdir.loc.gov/catdir/toc/ecip057/2005003411.html	no accepted resolution found by 2026; Wikipedia, List of unsolved problems in neuroscience (https://en.wikipedia.org/wiki/List_of_unsolved_problems_in_neuroscience)	irregular firing;variability;balanced networks	
Are single cortical neurons independent or members of a huge orchestra?	mind	2006		partial	chapter title in 23 Problems in Systems Neuroscience, van Hemmen and Sejnowski, Oxford University Press 2006	https://catdir.loc.gov/catdir/toc/ecip057/2005003411.html	Library of Congress record, chapter titles cited, statement paraphrased	Is the response of a single cortical neuron set by its own input, or dominated by the ongoing coordinated activity of the population it belongs to?	https://catdir.loc.gov/catdir/toc/ecip057/2005003411.html	Wikipedia, Neural oscillation (https://en.wikipedia.org/wiki/Neural_oscillation): large-scale recordings show ongoing population states shape single-neuron responses; the balance stays an active question	population activity;ongoing activity;cortical neurons	
What is the other 85 percent of V1 doing?	mind	2006		open	chapter title in 23 Problems in Systems Neuroscience, van Hemmen and Sejnowski, Oxford University Press 2006	https://catdir.loc.gov/catdir/toc/ecip057/2005003411.html	Library of Congress record, chapter titles cited, statement paraphrased	What computation do the many primary visual cortex neurons that classical receptive field models fail to explain carry out?	https://catdir.loc.gov/catdir/toc/ecip057/2005003411.html	no accepted resolution found by 2026; Wikipedia, List of unsolved problems in neuroscience (https://en.wikipedia.org/wiki/List_of_unsolved_problems_in_neuroscience)	primary visual cortex;receptive fields;V1	
What is the formal computation in early vision?	mind	2006		open	chapter title in 23 Problems in Systems Neuroscience, van Hemmen and Sejnowski, Oxford University Press 2006	https://catdir.loc.gov/catdir/toc/ecip057/2005003411.html	Library of Congress record, chapter titles cited, statement paraphrased	What formal computation does early vision perform on retinal input, and can it be stated as a mathematical problem?	https://catdir.loc.gov/catdir/toc/ecip057/2005003411.html	no accepted resolution found by 2026; Wikipedia, List of unsolved problems in neuroscience (https://en.wikipedia.org/wiki/List_of_unsolved_problems_in_neuroscience)	early vision;computation;visual cortex	
How do neurons compute?	mind	2006		partial	chapter title in 23 Problems in Systems Neuroscience, van Hemmen and Sejnowski, Oxford University Press 2006	https://catdir.loc.gov/catdir/toc/ecip057/2005003411.html	Library of Congress record, chapter titles cited, statement paraphrased	How do dendrites, synapses and ion channels combine to perform computations within a single neuron?	https://catdir.loc.gov/catdir/toc/ecip057/2005003411.html	Wikipedia, Dendritic spike (https://en.wikipedia.org/wiki/Dendritic_spike): dendritic nonlinearities and local computations documented in many cell types; a general theory of single-neuron computation stays open	neuronal computation;dendrites;synaptic integration	
How can neural systems compute in the time domain?	mind	2006		open	chapter title in 23 Problems in Systems Neuroscience, van Hemmen and Sejnowski, Oxford University Press 2006	https://catdir.loc.gov/catdir/toc/ecip057/2005003411.html	Library of Congress record, chapter titles cited, statement paraphrased	How do neural circuits measure and compute with time intervals that range from microseconds in sound localisation to seconds in behaviour?	https://catdir.loc.gov/catdir/toc/ecip057/2005003411.html	no accepted resolution found by 2026; Wikipedia, List of unsolved problems in neuroscience (https://en.wikipedia.org/wiki/List_of_unsolved_problems_in_neuroscience)	temporal processing;timing;neural computation	
How common are neural codes?	mind	2006		open	chapter title in 23 Problems in Systems Neuroscience, van Hemmen and Sejnowski, Oxford University Press 2006	https://catdir.loc.gov/catdir/toc/ecip057/2005003411.html	Library of Congress record, chapter titles cited, statement paraphrased	Are the same coding strategies used across sensory systems and species, or does each system use its own code?	https://catdir.loc.gov/catdir/toc/ecip057/2005003411.html	no accepted resolution found by 2026; Wikipedia, List of unsolved problems in neuroscience (https://en.wikipedia.org/wiki/List_of_unsolved_problems_in_neuroscience)	neural codes;sensory systems;universality	
How does the hearing system perform auditory scene analysis?	mind	2006		open	chapter title in 23 Problems in Systems Neuroscience, van Hemmen and Sejnowski, Oxford University Press 2006	https://catdir.loc.gov/catdir/toc/ecip057/2005003411.html	Library of Congress record, chapter titles cited, statement paraphrased	How does the auditory system separate overlapping sounds from different sources into distinct perceived streams?	https://catdir.loc.gov/catdir/toc/ecip057/2005003411.html	no accepted resolution found by 2026; Wikipedia, List of unsolved problems in neuroscience (https://en.wikipedia.org/wiki/List_of_unsolved_problems_in_neuroscience)	auditory scene analysis;stream segregation;hearing	
How does our visual system achieve shift and size invariance?	mind	2006		partial	chapter title in 23 Problems in Systems Neuroscience, van Hemmen and Sejnowski, Oxford University Press 2006	https://catdir.loc.gov/catdir/toc/ecip057/2005003411.html	Library of Congress record, chapter titles cited, statement paraphrased	How does the visual system recognise objects regardless of their position and size on the retina?	https://catdir.loc.gov/catdir/toc/ecip057/2005003411.html	Wikipedia, Convolutional neural network (https://en.wikipedia.org/wiki/Convolutional_neural_network): Yamins and DiCarlo showed in 2014 that deep networks trained for object recognition predict inferior temporal cortex responses; the cortical mechanism stays partly explained	invariant recognition;object recognition;ventral stream	
What is reflected in sensory neocortical activity?	mind	2006		open	chapter title in 23 Problems in Systems Neuroscience, van Hemmen and Sejnowski, Oxford University Press 2006	https://catdir.loc.gov/catdir/toc/ecip057/2005003411.html	Library of Congress record, chapter titles cited, statement paraphrased	Does activity in sensory cortex represent the external stimulus or what the cortex is doing with it for the animal's task?	https://catdir.loc.gov/catdir/toc/ecip057/2005003411.html	no accepted resolution found by 2026; Wikipedia, List of unsolved problems in neuroscience (https://en.wikipedia.org/wiki/List_of_unsolved_problems_in_neuroscience)	sensory cortex;representation;task dependence	
To what extent does perception depend upon action?	mind	2006		partial	chapter title in 23 Problems in Systems Neuroscience, van Hemmen and Sejnowski, Oxford University Press 2006	https://catdir.loc.gov/catdir/toc/ecip057/2005003411.html	Library of Congress record, chapter titles cited, statement paraphrased	How far does perception depend on the motor system, as mirror neurons and action-based accounts of understanding suggest?	https://catdir.loc.gov/catdir/toc/ecip057/2005003411.html	Wikipedia, Mirror neuron (https://en.wikipedia.org/wiki/Mirror_neuron): mirror neuron systems documented in monkeys and inferred in humans; their role in perception and understanding stays contested	perception and action;mirror neurons;embodiment	
What are the projective fields of cortical neurons?	mind	2006		open	chapter title in 23 Problems in Systems Neuroscience, van Hemmen and Sejnowski, Oxford University Press 2006	https://catdir.loc.gov/catdir/toc/ecip057/2005003411.html	Library of Congress record, chapter titles cited, statement paraphrased	What effect does a single cortical neuron's output have on its downstream targets, the projective field complementing its receptive field?	https://catdir.loc.gov/catdir/toc/ecip057/2005003411.html	no accepted resolution found by 2026; Wikipedia, List of unsolved problems in neuroscience (https://en.wikipedia.org/wiki/List_of_unsolved_problems_in_neuroscience)	projective field;downstream influence;cortical output	
To what extent is the brain reconfigurable?	mind	2006		partial	chapter title in 23 Problems in Systems Neuroscience, van Hemmen and Sejnowski, Oxford University Press 2006	https://catdir.loc.gov/catdir/toc/ecip057/2005003411.html	Library of Congress record, chapter titles cited, statement paraphrased	How much can attention and context reconfigure cortical circuits on fast timescales, and by what mechanisms?	https://catdir.loc.gov/catdir/toc/ecip057/2005003411.html	Wikipedia, Neuroplasticity (https://en.wikipedia.org/wiki/Neuroplasticity): Reynolds and Chelazzi reviewed attentional gain changes in V4 in 2004 and Maya Vetencourt restored adult ocular dominance plasticity in rats in 2008; the limits of fast reconfiguration stay open	plasticity;attention;reconfiguration	
Where are the switches on this thing?	mind	2006		open	chapter title in 23 Problems in Systems Neuroscience, van Hemmen and Sejnowski, Oxford University Press 2006	https://catdir.loc.gov/catdir/toc/ecip057/2005003411.html	Library of Congress record, chapter titles cited, statement paraphrased	What mechanisms switch brain circuits between modes of operation, routing signals to different targets and gating when plasticity can occur?	https://catdir.loc.gov/catdir/toc/ecip057/2005003411.html	no accepted resolution found by 2026; Wikipedia, List of unsolved problems in neuroscience (https://en.wikipedia.org/wiki/List_of_unsolved_problems_in_neuroscience)	gating;neuromodulation;switching	
Do qualia, metaphor, language, and abstract thought emerge from synesthesia?	mind	2006		open	chapter title in 23 Problems in Systems Neuroscience, van Hemmen and Sejnowski, Oxford University Press 2006	https://catdir.loc.gov/catdir/toc/ecip057/2005003411.html	Library of Congress record, chapter titles cited, statement paraphrased	Does cross-wiring between brain maps, as in synaesthesia, explain the origin of metaphor, language and abstract thought?	https://catdir.loc.gov/catdir/toc/ecip057/2005003411.html	no accepted resolution found by 2026; Wikipedia, List of unsolved problems in neuroscience (https://en.wikipedia.org/wiki/List_of_unsolved_problems_in_neuroscience)	synaesthesia;metaphor;abstract thought	
What are the neural correlates of consciousness?	mind	2006		open	chapter title in 23 Problems in Systems Neuroscience, van Hemmen and Sejnowski, Oxford University Press 2006	https://catdir.loc.gov/catdir/toc/ecip057/2005003411.html	Library of Congress record, chapter titles cited, statement paraphrased	Which minimal neural mechanisms are jointly sufficient for a conscious percept, and how can they be identified experimentally?	https://catdir.loc.gov/catdir/toc/ecip057/2005003411.html	Wikipedia, Neural correlates of consciousness (https://en.wikipedia.org/wiki/Neural_correlates_of_consciousness): an adversarial collaboration reported in 2023 and 2025 left integrated information and global workspace theories both partly unsupported	neural correlates of consciousness;consciousness	
