key,table,lang,word,roman,sense,root_lang,root_form,root_gloss,confidence,root_confidence,row
nw:dc2353ae-386b-4ecf-a35f-3fc0f0c3d1bc,node_words,zh,謂語,wèiyǔ,predicate,zh,謂 + 語,to say + to speak,0.76,,nw|0340f23a-0ab0-4630-b923-4a26d5679a32|zh|謂語
nw:0157cb8b-ce00-4711-844b-a1fa1e8fc6b1,node_words,zh,分配,fēnpèi,to distribute; to hand out; to issue; to dispense; to allocate,zh,分 + 配,to divide + to match,0.68,,nw|0767c4e1-045b-4940-9ffa-4c3788372112|zh|分配
nw:ea791ca2-a15b-4fd1-ad27-c50884ffbd75,node_words,zh,域,yù,fief,zh,土 + 或,soil + halberd,0.7,,nw|d1d7a21e-f32d-41a0-ba77-ca1b9085acb7|zh|域
nw:222c7f98-da50-46be-a608-232db053a205,node_words,zh,學習,xuéxí,to study; to learn; to acquire (knowledge),zh,學 + 習,to comprehend + to flap (the wings),0.7,,nw|e7fedd79-94a2-472a-ab98-0953426bb335|zh|學習
nw:3ee2ce2a-0b1c-4f0e-82ab-31cd14be186d,node_words,zh,各向异性,gèxiàngyìxìng,the property of being directionally dependent,zh,各 + 向 + 异 + 性,each + to face + to lift + nature,1,,nw|35c34832-f978-4e30-afc3-cbfdad8a1f80|zh|各向异性
nw:47a3feeb-fff9-4cde-85da-96c94ccc8ff9,node_words,ja,理論,riron,theory,zh,理 + 論,to cut and polish jade + to discuss,0.5,,nw|74213009-90b8-4830-9e82-f29f03d80cd2|ja|理論
nw:3c34db10-e142-4599-9ad4-a4c42f74bc26,node_words,zh,量子場論,liàngzǐchǎnglùn,quantum field theory,zh,量 + 子 + 場 + 論,to measure + child + open space + to discuss,1,,nw|a128c29c-31e5-453c-bf5b-03c332cbe8a0|zh|量子場論
nw:a0965273-5e7d-4c87-8720-e05a8d3c1765,node_words,zh,完整性,wánzhěngxìng,completeness; integrity; integrality; wholeness,zh,完 + 整 + 性,whole + to gather + nature,1,,nw|a5cdb863-007b-482f-9cf3-24f6d331af68|zh|完整性
nw:25d4caed-e7f5-4074-8f46-0c3f9b076e54,node_words,zh,質量,"zhìliàng, zhíliàng",mass,zh,質 + 量,matter + to measure,0.95,,nw|953484d9-2dae-4f53-9bc2-4cba66828428|zh|質量
nw:b96fb2b9-f02c-4980-900d-35b083169029,node_words,de,komplexe Zahl,,complex number,ine-pro,*del-,"to reckon, calculate",1,,nw|d95c0613-81a5-47a5-a3f4-447e023e4118|de|komplexe Zahl
nw:ac56d9a2-0d27-4240-89cb-9273c68eb53b,node_words,de,Elastizität,,elasticity,de,elastisch,elastic,0.95,,nw|8092533d-b15d-4c8f-9414-8b0bf4becde8|de|Elastizität
nw:6d05e5bf-fbf6-48cf-8ba0-7a76a6969434,node_words,nl,wet,,law (rule),ine-pro,*weyd-,"see, know",0.56,,nw|7dea2ff9-c5cd-426d-be6b-751f577fa58b|nl|wet
nw:c63e47fb-da0a-4ed5-a683-9f50d23e1a2f,node_words,nl,halfgeleider,,a semiconductor (substance with electrical conductivity properties),nl,half,"half-, semi-",1,,nw|c6655c5c-10d5-46d0-afdc-ab5b0d4654a7|nl|halfgeleider
nw:2ded74df-bc33-4dc0-85c1-f5ca2c317f62,node_words,en,ion,,"An atom or group of atoms bearing an electrical charge, such as the sodium and chlorine atoms in a salt solution.",grc,εἶμι,I go,1,,nw|91b17b06-5554-4390-850b-8fca4043bef8|en|ion
nw:1704e4df-c53e-40f5-bffc-5a214965b9dc,node_words,en,equation,,"The act or process of equating two or more things, or the state of those things being equal (that is, identical).",la,aequus,"level, equal",0.85,,nw|47e6d29e-dd9f-4ef1-bed1-1da845e6e63a|en|equation
nw:b54165b9-6a51-4a43-9907-f7d6cfc7f8f9,node_words,nl,divergentie,,divergence,ine-pro,*h₂wérg-e-ti,,0.95,,nw|4c708fdb-e93f-48fa-be7b-dd4f86c94949|nl|divergentie
nw:48e2f363-3412-4e6e-b1ec-b9bc2425f6f3,node_words,de,Kerze,,candle,la,cēra,wax,1,,nw|c6dfcdbc-9bda-4f65-95c6-379d9d663af6|de|Kerze
nw:4361dd20-55c7-4aa4-968d-08b9d682635e,node_words,en,neuron,,"A cell of the nervous system, which conducts nerve impulses; consisting of an axon and several dendrites. Neurons are connected by synapses.",ine-pro,*(s)neh₁-,spin,1,,nw|841dfcd4-3bf2-497b-a7d6-8724c976e9c7|en|neuron
nw:37bb4ed6-8ec4-4ea4-87f2-d41d796c7431,node_words,en,field,,"A land area free of woodland, cities, and towns; an area of open country.",ine-pro,*pleth₂-,to spread,0.95,,nw|fc3b3f58-9747-4794-b2d1-bbc2a9016b21|en|field
nw:aca5f44b-2e1f-468f-8f04-9c11ad815b62,node_words,nl,maat,,"measure, size",ine-pro,*med-,"to become full, sated",0.85,,nw|a865a1ae-3e32-462f-a0f9-6bb377f45b2f|nl|maat
nw:7d88f3e2-c5ee-4d4b-adc9-6f6ab72befa4,node_words,nl,predicaat,,predicate,la,praedicātus,"proclaimed, having been proclaimed, declared publicly, having been declared publicly",0.95,,nw|0340f23a-0ab0-4630-b923-4a26d5679a32|nl|predicaat
nw:6b615ae1-e944-400a-9b49-9f2dd22cf1db,node_words,de,Dunkle Materie,,dark matter,de,dunkle,dark,1,,nw|9b09ca1c-d55f-40ca-a9c6-00702c2c29ed|de|Dunkle Materie
nw:54656b70-955b-4191-9372-cd1666d66062,node_words,en,matter,,Anything with mass and volume.,grc,ὕλη,"wood, matter",0.85,,nw|39425450-68d6-4157-a05e-6573bf6ca2f7|en|matter
nw:1ec90d9c-63a1-4c67-a7bc-d4010ef5a6ac,node_words,sv,kedja,,chain (a series of interconnected rings or links),itc-pro,*katesnā,chain,0.95,,nw|4b7ee92c-2517-4cc8-b8ee-c07ae3930011|sv|kedja
nw:5aee4e6e-a0be-44be-b1b6-d972392ae769,node_words,sv,svar,,"answer, response, reply",non,svar,"answer, reply",0.85,,nw|d7cd51b4-4f54-484f-ac99-139fa253ef22|sv|svar
nw:cd9d9818-b00f-4063-844e-d42464f04465,node_words,nl,massa,,mass,grc,μᾶζα,"barley-bread or cake; lump, mass",0.95,,nw|953484d9-2dae-4f53-9bc2-4cba66828428|nl|massa
nw:a0f8a91a-fa51-463f-82c1-43439b1f365b,node_words,de,Periodensystem (der Elemente),,tabular chart of the chemical elements,de,Periode,"period, menstruation",1,,nw|5ecd18c3-7c24-4998-9bee-9ae7fbe1b08a|de|Periodensystem (der Elemente)
nw:19b39ddf-9e50-4531-9fa7-5fb364e02e07,node_words,hi,विभवांतर,vibhvāntar,potential difference,hi,विभव,potential,0.7,,nw|ca49f474-6969-419d-a3a4-bc095e6c403c|hi|विभवांतर
nw:adbaa2a0-fcc3-4e67-b16e-2e6d4236586b,node_words,hi,जानकारी,jānkārī,"information, knowledge, data",hi,जानकार,"acquainted, knowing",0.85,,nw|e0846238-f770-46ff-b20a-bb9fa678dca1|hi|जानकारी
nw:d58860e2-98e0-4664-a5b9-98b467d0cdee,node_words,fa,کابل,kâbl,cable,fr,câble,cable,0.7,,nw|5dc13585-91c6-4a50-b88f-bfe12b52b155|fa|کابل
nw:60e8749d-c07b-4da3-9c95-cb3fd63a0639,node_words,hi,लेखाचित्र,lekhācitra,graph,hi,लेखा,line,0.5,,nw|c3cf4392-898c-4f4f-9b98-798099db4dad|hi|लेखाचित्र
nw:862402c3-e31f-4872-b352-74c7e79c0603,node_words,el,ιππόκαμπος,ippókampos,"seahorse, sea horse (small marine fish of the genus Hippocampus)",grc,ἱππόκαμπος,"monster with the body of a horse and the tail of a fish, hippocampus",0.5,,nw|941859a1-d14c-4051-a590-e2fb646fc186|el|ιππόκαμπος
nw:a6742c56-a0a3-4ddb-9e10-7fdd15a78ce2,node_words,el,μετρικός χώρος,metrikós chóros,space (mathematics),grc,χῶρος,"space, room, place (in which a thing is)",1,,nw|8bf6a881-554f-483a-95a4-d677371495b6|el|μετρικός χώρος
nw:5b6c7e95-9dda-4cf7-8c00-8c7db2c587a7,node_words,el,μπίρα,bíra,"beer, ale",goh,bior,beer,0.5,,nw|f17faade-e3df-4fb7-a417-3a8eb066b4be|el|μπίρα
nw:86d34443-f930-40c0-a89b-1940bc20a2cb,node_words,el,γεωργία,georgía,agriculture,grc,γεωργία,farm land,1,,nw|d7ff5849-5269-4f5b-ada4-4987a762da61|el|γεωργία
nw:b206e969-ec16-44f7-a849-321960474e36,node_words,la,charta,,"papyrus, paper",grc,χάρτης,paper,0.5,,nw|f0c6bb56-9066-43a6-a378-cc74824f003c|la|charta
nw:e3bcea7d-b238-4ffc-8c7b-107f0e731a4f,node_words,tr,dinamik,,dynamics,fr,dynamique,dynamics,0.95,,nw|79a422fe-c8f7-4af9-8acb-670c3800c64a|tr|dinamik
nw:171db36d-7093-423f-8ca2-a75d1df51069,node_words,tr,cetvel,,"ruler, rule, scale, straightedge",ar,جَدْوَل,"creek, brook, little stream",0.5,,nw|2238d759-51bf-4b88-8fd8-c0a74b911ecd|tr|cetvel
nw:e70c4db0-e491-4ed0-8213-83435ec1f3d0,node_words,fi,liuos,,solution,fi,liueta,to dissolve,0.95,,nw|93ba4619-31b8-4e04-a044-8ec6a72b880a|fi|liuos
nw:11bfa280-ff5c-4d5d-ae91-cf8aaec5dbb9,node_words,tr,güneş ışığı,,sunlight,tr,güneş,sun (light and warmth received from the sun),0.85,,nw|f405e13c-d22f-4da5-8744-479f60b7148b|tr|güneş ışığı
nw:1fa84e0d-220f-4ba4-9d4c-b52def0528f0,node_words,fi,infrapuna,,infrared,fi,puna,red,1,,nw|b3273420-efa0-403f-8c85-d6d29ac3943c|fi|infrapuna
nw:e020a1bf-ac7f-4204-a276-f54f4a85181b,node_words,fi,auringonvalo,,sunlight,fi,aurinko,sun's,0.85,,nw|f405e13c-d22f-4da5-8744-479f60b7148b|fi|auringonvalo
nw:2fe5a590-95c1-4df2-8352-4e96917daf7b,node_words,id,kegiatan,,activity,ms,kegiatan,activity,0.56,,nw|63030985-0fe0-4e29-8a5c-c4990a0ee3fe|id|kegiatan
nw:bf52aed4-1be4-48f6-ab23-691f50b6289e,node_words,fi,sarja,,series (number of things that follow on one after the other),urj-fpr-pro,*śarja,"lath, batten, bar",0.5,,nw|d2503a33-ada0-4519-bb87-c08c1acce77e|fi|sarja
nw:85d660bd-0895-485a-8cbd-37364fe59f42,node_words,fi,konfiguraatio,,configuration,la,figūrō,figure,0.85,,nw|e7d91ddd-14df-4e13-bfb0-9d46cf5e0488|fi|konfiguraatio
nw:541ede83-b0a6-4eb9-8bcc-bd0c691992bd,node_words,id,energi aktivasi,,activation energy (the energy required to initiate a reaction),id,energi,energy: a quantity that denotes the ability to do work and is measured in a unit dimensioned in mass × distance²/time² (ML²/T²) or the equivalent,1,,nw|3e130376-b8cc-4e7c-b121-19c822351b09|id|energi aktivasi
nw:0ed29522-5b06-40d5-a362-71daeb4acf53,node_words,fi,spektri,,spectrum,la,spectrum,"appearance, image",0.5,,nw|aafa73ef-d972-42cb-b0a6-e466ad52871d|fi|spektri
nw:e08449c0-2f5b-4f4b-90fb-ee0d54c1094d,node_words,th,การเลี้ยวเบน,gaan-líao-been,diffraction.,th,การ,work; matter; task; affair.,1,,nw|1dc8a475-3dd9-407c-b961-f1608a15668e|th|การเลี้ยวเบน
nw:427268a7-8eb9-4ed0-8b2f-37063ac4efcf,node_words,tr,gaz,,"gas, matter in an intermediate state between liquid and plasma",grc,χάος,"chasm, void, chaos",0.5,,nw|9656faad-a5df-4896-83b8-5e2c421dcd61|tr|gaz
nw:3982b646-1a0e-4de6-a62f-f35a47bca2cf,node_words,id,radiasi,,"the shooting forth of anything from a point or surface, like diverging rays of light",la,radiatio,"glittering, shining, radiation",0.5,,nw|a564ca93-bde6-4a2e-bb34-c75c206dc1a2|id|radiasi
nw:39681f11-11f0-49e7-ba53-1152cf441bf6,node_words,pt,relação,,"relation, connection, association",la,relatio,"a bringing back, restoring",0.5,,nw|71c4a26d-b2c6-4134-b511-e1ae78448dff|pt|relação
nw:54c6a388-4721-40f6-a589-c86762c63db5,node_words,pt,série,,series (number of things or events that follow on one after the other),ine-pro,*ser-,"to bind, put together",0.5,,nw|d2503a33-ada0-4519-bb87-c08c1acce77e|pt|série
nw:8a79b826-5197-43e5-bfad-3774269f3e1b,node_words,fr,logique propositionnelle,,formal deductive system,grc,λογική,"speech, prose",0.85,,nw|5f1a50b4-35b5-4a7d-a0ec-ad48dc58aa15|fr|logique propositionnelle
nw:01fcf6ae-44a3-432e-bcdf-3f0ff5ee9781,node_words,it,cinematica,,kinematics,it,cine,cinema,0.5,,nw|9ec72b91-9831-4739-94b7-a2fa51681da6|it|cinematica
nw:cb6b8173-8fe4-46ed-a05d-bcbecb9c25bb,node_words,fr,masse volumique,,density,mixed,μᾶζα + volume,"bread + volume (of a book, a written work)",0.85,,nw|2918d2fc-3353-4675-aee5-869bfa87f40a|fr|masse volumique
nw:4850085d-aa5d-47e2-9d90-8690b7a3d64a,node_words,pt,função,,function,la,fungor,"to perform, execute",0.5,,nw|10917582-1174-4d7e-adc7-9614d7cf0222|pt|função
nw:8b1b6ff6-60bb-4836-8236-0e8953f63e3b,node_words,pt,dificuldade,,difficulty (state of being difficult),ine-pro,*dʰeh₁-,"to do, put, place, set",0.7,,nw|12397a7a-245d-4615-9195-d5270664d8e6|pt|dificuldade
nw:b4743bc8-be72-4c1f-a6cf-ab8947836a6b,node_words,pt,fotossíntese,,photosynthesis,pt,síntese,synthesis,1,,nw|ecff5bd7-52dc-4c3d-ad72-f51162d989f9|pt|fotossíntese
nw:6c6f64f5-522c-4fb0-bc6b-35845dd9cfa5,node_words,it,stilo,,style (part of pistil),la,stilus,"a stake, pale, spike",0.7,,nw|b824eb7f-ed84-4a80-91fc-7e3b09770b62|it|stilo
nw:1d8682c2-d895-4c4c-b98d-54a484052b05,node_words,es,método,,method,grc,μέθοδος,"following after, pursuit",0.85,,nw|ec698d86-c59a-4778-8f5d-f1dd05c705c4|es|método
nw:3180524d-9b88-4d48-94de-6a2fa014a4eb,node_words,pt,cadeia,,prison (place of long-term confinement for those convicted of serious crimes),roa-opt,cadea,chain,0.85,,nw|82b964c3-08d4-4cec-b3fc-e2390a11cc3c|pt|cadeia
nw:46103e45-3007-4345-9b95-27b6192a0f71,node_words,fr,os,,bone,ine-pro,*h₃ésth₁,bone,0.5,,nw|1f6d5438-f0d1-4fdd-9947-a3b36888e925|fr|os
nw:6ce5e5a2-5045-4339-a13f-4599d9ef34c1,node_words,pt,consciência,,"conscience, consciousness (moral sense)",grc,συνείδησις,"consciousness, perception of one's own thoughts",1,,nw|878e8e65-fb3e-477b-b48d-81eeaa207461|pt|consciência
nw:d49936de-0f38-4e6d-b6c2-e81d93388b44,node_words,fr,fluide,,fluid,la,fluidus,"liquid, fluid, flowing",0.85,,nw|e00c8f82-0b54-4032-a49e-edb42996a378|fr|fluide
nw:96417bad-17a8-4440-a57d-81b05021eae4,node_words,pt,ponte de hidrogénio,,hydrogen bond,mixed,ponte + hydrogène,bridge + hydrogen,1,,nw|bf2edcec-bcc6-445a-816f-2bbf5d067cb0|pt|ponte de hidrogénio
nw:e0834c3b-b75f-436a-ad0e-c88a7e11c92a,node_words,es,incertidumbre,,uncertainty,es,certidumbre,certainty,0.56,,nw|66ff3f52-5930-42a5-be12-fd9fedd553a5|es|incertidumbre
nw:687f3bd2-ba00-4b76-8547-0686f3b231b9,node_words,es,astrocito,,astrocyte,de,Astrozyt,astrocyte,1,,nw|cdcf2f1c-0aa8-4f42-abf8-04db240b85d2|es|astrocito
nw:3d71f131-eb42-45bf-a253-810acf7c54fb,node_words,he,נוֹף,nof,"view, landscape, scenery",he,נ־ו־ף,,0.5,,nw|a3256bdd-8cb0-46cc-a824-685bc4660375|he|נוֹף
nw:32c4187e-9d61-4c17-8095-f12245b1ea34,node_words,ar,سِلْسِلَة,silsila,iron chain,akk,𒉠𒂡𒂡,chains,0.76,,nw|2aaf5250-eeae-4757-ae24-66fd5e706f84|ar|سِلْسِلَة
nw:175bb909-45da-47f0-8690-f2a13ae2b329,node_words,he,עֲבוֹדָה,avodá,"worship, service",he,ע־ב־ד,Forms words pertaining to work or servitude.,0.85,,nw|8dec0be0-dd99-4a4e-92a2-6d79e45b7884|he|עֲבוֹדָה
nw:4628de35-4276-420e-8afc-d19dbdba7077,node_words,ru,цепо́чка,cepóčka,"number of atoms in a series, which combine to form a molecule",ru,це́пка,"small chain, chainlet",0.95,,nw|4b7ee92c-2517-4cc8-b8ee-c07ae3930011|ru|цепо́чка
nw:4d9b62be-ea7a-4652-900b-109db791edf1,node_words,cs,prvočíslo,,prime number,cs,prvý,first,0.95,,nw|d24c4bd6-5e07-4103-9b47-e7f5ac21e049|cs|prvočíslo
nw:1dff19e4-9e2d-4ebd-97c6-2dcbf9979e43,node_words,pl,transport,,transport (act of transporting),fr,transport,transport,0.5,,nw|7495298b-ad0b-4f26-ac26-e639e6647835|pl|transport
nw:d15ac0c3-5657-47af-96b4-eac20de4fd76,node_words,cs,vrchol,,"peak, summit, top",sla-pro,*vьrxolъ,,0.5,,nw|6e3abeeb-f251-4dc4-a3ba-ec4cc707cd38|cs|vrchol
nw:3ad63742-e0ef-4c99-8c54-e8f1eff25b22,node_words,pl,kwantyfikator,,"quantifier (operator, such as the universal quantifier (written as ∀) or the existential quantifier (∃), used in predicate calculus to indicate the degree that predicate is true for a specified set)",la-med,quantificare,,0.95,,nw|f8ddffda-c55b-4f66-8159-b0d6202cdeb7|pl|kwantyfikator
nw:2f08d682-c489-4cdf-9b87-570ef40a6880,node_words,pl,półprodukt,,"intermediate good, producer good",pl,produkt,"product (something that has been created by some process, especially industrial production)",0.7,,nw|1b11b415-8248-4426-aca8-45341ca65999|pl|półprodukt
nw:10c523a2-7e78-46c3-8b82-02faafae8080,node_words,pl,struktura,,structure (cohesive whole built up of distinct parts),ine-pro,*strew-,"to strew, to spread out",0.7,,nw|5420e342-07ce-42b1-86a3-a544456e98ce|pl|struktura
nw:2a31f632-ef90-41c8-bccd-cba7cc86c482,node_words,pl,wszechświat,,"universe, cosmos",pl,świat,world,0.85,,nw|5d88e585-4395-46a6-a502-bdcc65bd845c|pl|wszechświat
nw:9f7cb705-111c-4821-832e-0f89a79aaf1f,node_words,cs,metoda,,method (process by which a task is completed),grc,μέθοδος,"pursuit of knowledge, investigation, mode of prosecuting such inquiry, system",0.85,,nw|ec698d86-c59a-4778-8f5d-f1dd05c705c4|cs|metoda
nw:327c6182-f715-4f20-a2b6-31c592a012c7,node_words,ru,измери́тельный прибо́р,izmerítelʹnyj pribór,"any instrument for ascertaining or regulating the level, state, dimensions or forms of things; as, a rain gauge; a steam gauge",sla-pro,*měriti + *priborъ,? + ?,0.5,,nw|618b1993-c44b-428c-92fc-69deacc72f74|ru|измери́тельный прибо́р
nsm:people|zh|人們,nsm_exponents,zh,人們,rénmen,a body of human beings; a group of two or more persons,zh,人 + 們,"man + Suffix indicating plural for pronouns, some animated nouns a",0.9,0.9,nsm|people|zh|人們
nsm:die|zh|死,nsm_exponents,zh,死,sǐ,to stop living,sit-pro,*sij,,0.9,0.9,nsm|die|zh|死
nsm:can|zh|會當,nsm_exponents,zh,會當,ē-tàng,to be able to; to know how to,zh,會 + 當,union + to face,0.85,0.85,nsm|can|zh|會當
nsm:far|sv|fjärran,nsm_exponents,sv,fjärran,,remote in space,non,fjarran,,0.9,0.9,nsm|far|sv|fjärran
nsm:say|de|sagen,nsm_exponents,de,sagen,,"to say, to tell",ine-pro,*sekʷ-,to follow,0.9,0.9,nsm|say|de|sagen
nsm:when_time|ang|hwonne,nsm_exponents,ang,hwonne,,"at what time, as a direct question",gem-pro,*hwan,"at what time, when",0.9,0.9,nsm|when_time|ang|hwonne
nsm:i|non|ek,nsm_exponents,non,ek,,personal pronoun,ine-pro,*eǵh₂óm,I,0.9,0.9,nsm|i|non|ek
nsm:bad|de|schlimm,nsm_exponents,de,schlimm,,unfavorable; negative,gem-pro,*slimbaz,"oblique, crooked",0.9,0.9,nsm|bad|de|schlimm
nsm:moment|got|𐍃𐍄𐌹𐌺𐍃,nsm_exponents,got,𐍃𐍄𐌹𐌺𐍃,stiks,very brief period of time,gem-pro,*stikiz,"prick, piercing, stitch",0.9,0.9,nsm|moment|got|𐍃𐍄𐌹𐌺𐍃
nsm:something|en|thing,nsm_exponents,en,thing,,unspecified object,enm,thing,,0.9,0.9,nsm|something|en|thing
nsm:near|ang|nēah,nsm_exponents,ang,nēah,,physically close,ine-pro,*h₂neḱ-,to reach,0.9,0.9,nsm|near|ang|nēah
nsm:move|sa|चलति,nsm_exponents,sa,चलति,calati,(intransitive) to change place or posture; to go,ine-pro,*kʷel-,to move; to turn (around),0.9,0.9,nsm|move|sa|चलति
nsm:true|fa|صحیح,nsm_exponents,fa,صحیح,sahih,concurring with a given set of facts,ar,صَحِيح,true,0.9,0.9,nsm|true|fa|صحیح
nsm:big|fa|بُزُرْگ,nsm_exponents,fa,بُزُرْگ,buzurg,of a great size — see also large,peo,𐎺𐏀𐎼𐎣,great,0.9,0.9,nsm|big|fa|بُزُرْگ
nsm:because|la|quia,nsm_exponents,la,quia,,by or for the cause that; on this account that; for the reason that,ine-pro,*kʷih₂,,0.9,0.9,nsm|because|la|quia
nsm:body|grc|σῶμα,nsm_exponents,grc,σῶμα,sôma,physical structure of a human or animal,ine-pro,*tewh₂-,to swell,0.9,0.9,nsm|body|grc|σῶμα
nsm:happen|la|accidō,nsm_exponents,la,accidō,,to occur,itc-pro,*kadō,fall,0.85,0.85,nsm|happen|la|accidō
nsm:near|la|proximus,nsm_exponents,la,proximus,,physically close,ine-pro,*prokʷism̥mos,,0.9,0.9,nsm|near|la|proximus
nsm:i|ta|நான்,nsm_exponents,ta,நான்,nāṉ,personal pronoun,dra-sou-pro,*ñān,,0.85,0.85,nsm|i|ta|நான்
nsm:bad|id|jelek,nsm_exponents,id,jelek,,unfavorable; negative,bew,jelèk,,0.9,0.9,nsm|bad|id|jelek
nsm:part|tr|kısım,nsm_exponents,tr,kısım,,fraction of a whole,ar,قَسَمَ,to divide,0.9,0.9,nsm|part|tr|kısım
nsm:after|id|setelah,nsm_exponents,id,setelah,,subsequently; following in time; later than,ms-cla,setelah,after,0.9,0.9,nsm|after|id|setelah
nsm:can|ta|தெரி,nsm_exponents,ta,தெரி,teri,to be able to; to know how to,dra-pro,*terV-,,0.9,0.9,nsm|can|ta|தெரி
nsm:there_is|id|ada,nsm_exponents,id,ada,,to exist,poz-mcm-pro,*ada,danger,0.85,0.85,nsm|there_is|id|ada
nsm:kind|tr|tür,nsm_exponents,tr,tür,,"type, race, category",trk-pro,*tür,"sort, kind, shape",0.9,0.9,nsm|kind|tr|tür
nsm:if|fi|jos,nsm_exponents,fi,jos,,supposing that,urj-fin-pro,*jos,,0.9,0.9,nsm|if|fi|jos
nsm:maybe|fr|peut-être,nsm_exponents,fr,peut-être,,indicating a lack of certainty,fr,pouvoir,"(it) can”, “(it) may",0.9,0.9,nsm|maybe|fr|peut-être
nsm:kind|fr|genre,nsm_exponents,fr,genre,,"type, race, category",la,genus,"birth, origin, lineage, descent",0.9,0.9,nsm|kind|fr|genre
nsm:because|pt|porque,nsm_exponents,pt,porque,,by or for the cause that; on this account that; for the reason that,roa-opt,porque,because,0.9,0.9,nsm|because|pt|porque
nsm:little_few|it|poco,nsm_exponents,it,poco,,"indefinite, usually small number",ine-pro,*peh₂w-,"small, little, few",0.9,0.9,nsm|little_few|it|poco
nsm:big|fr|grand,nsm_exponents,fr,grand,,of a great size — see also large,la,grandis,"full-grown, grown up",0.9,0.9,nsm|big|fr|grand
nsm:be_someones|pt|meu,nsm_exponents,pt,meu,,that which belongs to me,itc-pro,*meos,,0.6,0.6,nsm|be_someones|pt|meu
nsm:kind|pt|categoria,nsm_exponents,pt,categoria,,"type, race, category",grc,κατηγορία,"charge, accusation",0.9,0.9,nsm|kind|pt|categoria
nsm:below|ar|تَحْتَ,nsm_exponents,ar,تَحْتَ,taḥta,lower in spatial position than,ar,ت ح ت,,0.85,0.85,nsm|below|ar|تَحْتَ
nsm:i|he|אֲנִי,nsm_exponents,he,אֲנִי,aní,personal pronoun,afa-pro,*ʔanāku,I,0.9,0.9,nsm|i|he|אֲנִי
nsm:above|pl|nad,nsm_exponents,pl,nad,,in or to a higher place,zlw-opl,nad,above,0.9,0.9,nsm|above|pl|nad
nsm:some|pl|kilka,nsm_exponents,pl,kilka,,unspecified quantity or number of,ine-pro,*kʷ-,interrogative root,0.85,0.85,nsm|some|pl|kilka
nsm:small|cs|malý,nsm_exponents,cs,malý,,not large,ine-pro,*(s)mel-,"to beat, crush, grind",0.9,0.9,nsm|small|cs|malý
nsm:far|ru|далёкий,nsm_exponents,ru,далёкий,daljókij,remote in space,sla-pro,*dalekъ,,0.9,0.9,nsm|far|ru|далёкий
nsm:feel|cs|cítit,nsm_exponents,cs,cítit,,transitive: to experience an emotion or other mental state about,sla-pro,*oťutiti,,0.9,0.9,nsm|feel|cs|cítit
