id	source	url
riemann	Mathlib, RiemannHypothesis	https://github.com/leanprover-community/mathlib4/blob/master/Mathlib/NumberTheory/LSeries/RiemannZeta.lean
fermat	Buzzard, FLT formalization project in Lean	https://github.com/ImperialCollegeLondon/FLT
fourcolor	Gonthier, Formal proof of the four color theorem in Coq, Notices AMS 2008	https://www.ams.org/notices/200811/tx081101382p.pdf
kepler	Hales et al., A formal proof of the Kepler conjecture, Forum of Mathematics Pi 2017	https://doi.org/10.1017/fmp.2017.1
sensitivity	Mathlib Archive, Sensitivity.lean	https://github.com/leanprover-community/mathlib4/blob/master/Archive/Sensitivity.lean
capset	Dahmen, Holzl, Lewis, Formalizing the solution to the cap set problem, ITP 2019	https://doi.org/10.4230/LIPIcs.ITP.2019.15
pfr	Tao et al., PFR project in Lean	https://github.com/teorth/pfr
busybeaver	bbchallenge, Coq proof of BB(5)	https://github.com/ccz181078/Coq-BB5
halting	Mathlib, ComputablePred.halting_problem	https://github.com/leanprover-community/mathlib4/blob/master/Mathlib/Computability/Halting.lean
hilbert10	Bayer et al., A formal proof of the MRDP theorem in Isabelle, 2019	https://www.isa-afp.org/entries/DPRM_Theorem.html
continuum	Han, van Doorn, Flypitch: independence of the continuum hypothesis in Lean, 2019	https://flypitch.github.io/
twinprime	google-deepmind formal-conjectures	https://github.com/google-deepmind/formal-conjectures
goldbach	google-deepmind formal-conjectures	https://github.com/google-deepmind/formal-conjectures
collatz	google-deepmind formal-conjectures	https://github.com/google-deepmind/formal-conjectures
