name	posed	resolved	resolved_kind	posed_evidence	source	licence	statement	status_source	keywords	market
Vesicle fusion proteins at the synapse		1988	discovery		https://www.kavliprize.org/prizes/neuroscience/2010	Kavli Foundation, citation quoted briefly	Which proteins mediate the fusion of synaptic vesicles that releases neurotransmitter?	Kavli Prize in Neuroscience 2010: "v-SNARE protein that he first cloned in 1988 from Torpedo VAMP-1"	v-SNARE protein;neurotransmitter release	pharmaceuticals
Gene variant behind foraging behaviour in worms		1998	discovery		https://www.kavliprize.org/prizes/neuroscience/2012	Kavli Foundation, citation quoted briefly	Which receptor gene accounts for variation in foraging behaviour between worms?	Kavli Prize in Neuroscience 2012: "In 1998, she discovered that worms showing different foraging behavior"	foraging behavior;neuropeptide receptor	
Medial temporal structures needed for memory		1957	discovery		https://www.kavliprize.org/prizes/neuroscience/2014	Kavli Foundation, citation quoted briefly	Which brain structures are essential for forming new memories?	Kavli Prize in Neuroscience 2014: "first reported in 1957, in the Journal of Neurology, Neurosurgery and Psychiatry"	hippocampal complex;memory	
Frequency map along the basilar membrane		1980	discovery		https://www.kavliprize.org/prizes/neuroscience/2018	Kavli Foundation, citation quoted briefly	How are sound frequencies mapped along the basilar membrane of the cochlea?	Kavli Prize in Neuroscience 2018: "reported that the sensitivity to different sound frequencies could be mapped"	basilar membrane;sound frequencies	
Receptor for noxious heat		1997	discovery		https://www.kavliprize.org/prizes/neuroscience/2020	Kavli Foundation, citation quoted briefly	Which receptor molecule on pain-sensing neurons responds to noxious heat?	Kavli Prize in Neuroscience 2020: "Julius identified the receptor molecule TRPV1 on pain-sensing neurons"	receptor molecule;pain-sensing neurons	
Gene mutation behind Fragile X syndrome		1991	discovery		https://www.kavliprize.org/prizes/neuroscience/2022	Kavli Foundation, citation quoted briefly	Which gene mutation causes Fragile X syndrome, an inherited form of intellectual disability?	Kavli Prize in Neuroscience 2022: "he discovered an unusual mutation in a gene on the X chromosome"	Fragile X syndrome;intellectual disability	
Cortical region specialised for faces		1997	discovery		https://www.kavliprize.org/prizes/neuroscience/2024	Kavli Foundation, citation quoted briefly	Is there a region of human visual cortex specialised for face perception?	Kavli Prize in Neuroscience 2024: "published with her face area findings in 1997"	face area;face perception	
Localisation of speech production		1861	discovery		https://en.wikipedia.org/wiki/Broca%27s_area	CC BY-SA 4.0	Where in the brain is speech production localised?	Broca's area: Paul Broca presented the case in 1861 linking the left frontal lobe to speech production	speech production;frontal lobe	healthcare
Localisation of speech comprehension		1874	discovery		https://en.wikipedia.org/wiki/Wernicke%27s_area	CC BY-SA 4.0	Where in the brain is language comprehension localised?	Wernicke's area: Carl Wernicke described in 1874 an area of the temporal lobe linked to comprehension	language comprehension;temporal lobe	healthcare
Frontal lobe damage and personality		1848	discovery		https://en.wikipedia.org/wiki/Phineas_Gage	CC BY-SA 4.0	Can damage to the frontal lobes change personality while sparing other faculties?	Phineas Gage: In 1848 an iron rod passed through Gage's frontal lobe and his personality changed	frontal lobe;personality	
Chemical neurotransmission at synapses		1921	posed	it was unclear whether signaling across the synapse was bioelectrical or chemical	https://en.wikipedia.org/wiki/Otto_Loewi	CC BY-SA 4.0	Does the nerve impulse cross the synapse as an electrical current or by the release of a chemical messenger, a question that divided physiologists before the early 1920s?	Otto Loewi: In 1921 Loewi showed that a chemical released by the vagus nerve slows the heart	chemical neurotransmission;vagus nerve	pharmaceuticals
Mechanism of the action potential		1952	discovery		https://en.wikipedia.org/wiki/Hodgkin%E2%80%93Huxley_model	CC BY-SA 4.0	What ionic mechanism generates the nerve action potential?	Hodgkin-Huxley model: Hodgkin and Huxley published their model of the action potential in 1952	action potential;ionic current	
Neurons that encode location		1971	posed	hypothesised that this area must hold some kind of spatial representation	https://en.wikipedia.org/wiki/Place_cell	CC BY-SA 4.0	Does the hippocampus hold a spatial representation of the environment, and do individual neurons there fire at particular locations as an animal moves through space?	Place cell: In 1971 O'Keefe and Dostrovsky discovered place cells in the rat hippocampus	place cells;hippocampus	
Grid cells in entorhinal cortex		2005	discovery		https://en.wikipedia.org/wiki/Grid_cell	CC BY-SA 4.0	How does the entorhinal cortex represent space with a periodic map?	Grid cell: Grid cells were discovered in 2005 by the Mosers in the entorhinal cortex	grid cells;entorhinal cortex	
Cellular basis of memory storage	1894	1973	posed	memories might instead be formed by strengthening the connections between existing neurons	https://en.wikipedia.org/wiki/Long-term_potentiation	CC BY-SA 4.0	Can memories be stored by strengthening existing connections between neurons, as Ramon y Cajal proposed in 1894, and is there a lasting increase in synaptic strength after activity?	Long-term potentiation: Long-term potentiation was first described in 1973 by Bliss and Lomo in the rabbit hippocampus	long-term potentiation;synaptic strength	
Learning rule for neural assemblies		1949	discovery		https://en.wikipedia.org/wiki/Hebbian_theory	CC BY-SA 4.0	How might neurons strengthen connections through coincident activity?	Hebbian theory: In 1949 Donald Hebb proposed that cells that fire together wire together	Hebbian theory;neural assemblies	software
Hippocampus in memory formation		1953	discovery		https://en.wikipedia.org/wiki/Henry_Molaison	CC BY-SA 4.0	Is the medial temporal lobe required to form new long-term memories?	Henry Molaison: In 1953 the removal of Molaison's medial temporal lobes left him unable to form new memories	medial temporal lobe;long-term memories	healthcare
Discovery of REM sleep		1953	discovery		https://en.wikipedia.org/wiki/Rapid_eye_movement_sleep	CC BY-SA 4.0	Does sleep contain a distinct phase of rapid eye movements associated with dreaming?	Rapid eye movement sleep: REM sleep was discovered in 1953 by Aserinsky and Kleitman	REM sleep;dreaming	
Recording electrical activity from the human brain		1924	discovery		https://en.wikipedia.org/wiki/Electroencephalography	CC BY-SA 4.0	Can the electrical activity of the human brain be recorded from the scalp?	Electroencephalography: In 1924 Hans Berger recorded the first human EEG	electroencephalography;scalp	medical devices
Brain activity at rest		2001	discovery		https://en.wikipedia.org/wiki/Default_mode_network	CC BY-SA 4.0	Is the resting brain organised into a coherent default network?	Default mode network: Raichle and colleagues described the default mode of brain function in 2001	default mode network;resting	
Imaging brain function by blood oxygenation		1990	discovery		https://en.wikipedia.org/wiki/Functional_magnetic_resonance_imaging	CC BY-SA 4.0	Can brain activity be imaged non-invasively through blood oxygenation changes?	Functional magnetic resonance imaging: In 1990 Ogawa discovered blood oxygen level dependent contrast	blood oxygen level dependent;functional magnetic resonance imaging	medical devices
Controlling neurons with light	1979	2005	posed	Francis Crick suggested that controlling all cells of one type	https://en.wikipedia.org/wiki/Optogenetics	CC BY-SA 4.0	Can all cells of one type in the brain be controlled while leaving the others unaltered, as Francis Crick asked in 1979, perhaps by using light with millisecond precision?	Optogenetics: In 2005 Boyden, Deisseroth and colleagues reported millisecond-timescale optical control of neural activity	optogenetics;neural activity	biotechnology
Interference between reading and colour naming		1935	discovery		https://en.wikipedia.org/wiki/Stroop_effect	CC BY-SA 4.0	Why does naming the ink colour of a conflicting colour word slow responses?	Stroop effect: John Ridley Stroop published the effect in 1935	Stroop effect;colour words	
Learning by association		1897	discovery		https://en.wikipedia.org/wiki/Classical_conditioning	CC BY-SA 4.0	Can a neutral stimulus acquire the power to elicit a reflex through association?	Classical conditioning: Ivan Pavlov described conditioned reflexes in the course of research beginning around 1897	classical conditioning;conditioned reflex	
Discomfort from inconsistent beliefs		1957	discovery		https://en.wikipedia.org/wiki/Cognitive_dissonance	CC BY-SA 4.0	Why do people change attitudes to reduce discomfort from conflicting beliefs?	Cognitive dissonance: Leon Festinger proposed cognitive dissonance theory in 1957	cognitive dissonance;inconsistent beliefs	
Obedience to authority		1961	posed	question of whether Eichmann and accomplices in the Holocaust could validly	https://en.wikipedia.org/wiki/Milgram_experiment	CC BY-SA 4.0	Could ordinary people who simply followed orders be led to harm others, as Eichmann and his accomplices claimed, and how far will obedience to an authority extend?	Milgram experiment: Stanley Milgram began his obedience experiments in 1961	obedience;authority	
Observational learning of aggression		1961	discovery		https://en.wikipedia.org/wiki/Bobo_doll_experiment	CC BY-SA 4.0	Do children learn aggression by observing adult models?	Bobo doll experiment: Bandura's Bobo doll experiments were conducted in 1961	observational learning;aggression	
Group pressure on judgement		1951	discovery		https://en.wikipedia.org/wiki/Asch_conformity_experiments	CC BY-SA 4.0	Will individuals give wrong perceptual judgements under group pressure?	Asch conformity experiments: Solomon Asch carried out the conformity experiments in 1951	conformity;group pressure	
Infant attachment to caregivers		1969	discovery		https://en.wikipedia.org/wiki/Attachment_theory	CC BY-SA 4.0	Why do infants form strong bonds with caregivers?	Attachment theory: John Bowlby published Attachment and Loss, volume 1, in 1969	attachment theory;caregivers	
Decisions under risk		1979	discovery		https://en.wikipedia.org/wiki/Prospect_theory	CC BY-SA 4.0	Why do people systematically depart from expected utility when choosing under risk?	Prospect theory: Kahneman and Tversky developed prospect theory in 1979	prospect theory;expected utility	finance
Structure of working memory		1974	discovery		https://en.wikipedia.org/wiki/Baddeley%27s_model_of_working_memory	CC BY-SA 4.0	Is short-term memory a single store or several interacting components?	Baddeley's model of working memory: Baddeley and Hitch proposed the multicomponent model of working memory in 1974	working memory;multicomponent model	education
Limit of short-term memory capacity		1956	discovery		https://en.wikipedia.org/wiki/The_Magical_Number_Seven,_Plus_or_Minus_Two	CC BY-SA 4.0	How many items can people hold in immediate memory?	The Magical Number Seven, Plus or Minus Two: George A. Miller published the paper in 1956	immediate memory;memory capacity	
Time course of forgetting		1885	discovery		https://en.wikipedia.org/wiki/Forgetting_curve	CC BY-SA 4.0	How quickly is newly learned material forgotten?	Forgetting curve: Hermann Ebbinghaus described the forgetting curve in 1885	forgetting curve;Ebbinghaus	education
Perceptual organisation into wholes		1912	discovery		https://en.wikipedia.org/wiki/Gestalt_psychology	CC BY-SA 4.0	Why are perceived wholes more than the sum of their sensory parts?	Gestalt psychology: Max Wertheimer's 1912 paper on apparent motion founded Gestalt psychology	Gestalt psychology;perceptual organisation	
Lithium for mania		1949	discovery		https://en.wikipedia.org/wiki/Lithium_(medication)	CC BY-SA 4.0	Can a simple drug treat mania and prevent relapse in bipolar disorder?	Lithium (medication): John Cade reported lithium treatment of mania in 1949	lithium;bipolar disorder	pharmaceuticals
First antipsychotic		1952	discovery		https://en.wikipedia.org/wiki/Chlorpromazine	CC BY-SA 4.0	Can a drug treat the symptoms of psychosis?	Chlorpromazine: Chlorpromazine's antipsychotic effects were established in 1952	chlorpromazine;antipsychotic	pharmaceuticals
First tricyclic antidepressant		1957	discovery		https://en.wikipedia.org/wiki/Imipramine	CC BY-SA 4.0	Can a drug relieve major depression?	Imipramine: Roland Kuhn discovered imipramine's antidepressant effect in 1957	imipramine;antidepressant	pharmaceuticals
Selective serotonin reuptake inhibitor for depression		1987	discovery		https://en.wikipedia.org/wiki/Fluoxetine	CC BY-SA 4.0	Can a drug selectively targeting serotonin reuptake treat depression with fewer side effects?	Fluoxetine: Fluoxetine was approved for depression in 1987	fluoxetine;serotonin	pharmaceuticals
Seizure induction as treatment		1938	discovery		https://en.wikipedia.org/wiki/Electroconvulsive_therapy	CC BY-SA 4.0	Can induced seizures relieve severe mental illness?	Electroconvulsive therapy: Cerletti and Bini first used electrical induction of seizures in 1938	electroconvulsive therapy;seizures	healthcare
Pathology of presenile dementia		1906	discovery		https://en.wikipedia.org/wiki/Alzheimer%27s_disease	CC BY-SA 4.0	What brain pathology underlies progressive dementia in middle age?	Alzheimer's disease: Alois Alzheimer described plaques and tangles in 1906	Alzheimer;plaques	healthcare
Gene for Huntington's disease		1993	discovery		https://en.wikipedia.org/wiki/Huntington%27s_disease	CC BY-SA 4.0	Which gene mutation causes Huntington's disease?	Huntington's disease: The HTT gene mutation was identified in 1993	Huntington;HTT gene	healthcare
Reliable diagnostic criteria for mental disorders		1980	discovery		https://en.wikipedia.org/wiki/Diagnostic_and_Statistical_Manual_of_Mental_Disorders	CC BY-SA 4.0	Can mental disorders be diagnosed reliably using explicit criteria?	Diagnostic and Statistical Manual of Mental Disorders: DSM-III in 1980 introduced explicit diagnostic criteria	diagnostic criteria;mental disorders	healthcare
Speed of the nerve impulse		1850	discovery		https://en.wikipedia.org/wiki/Hermann_von_Helmholtz	CC BY-SA 4.0	How fast does a nerve impulse travel?	Hermann von Helmholtz: In 1850 Helmholtz measured the speed of nerve conduction	nerve impulse;Helmholtz	
Animal electricity		1791	discovery		https://en.wikipedia.org/wiki/Luigi_Galvani	CC BY-SA 4.0	Is nerve and muscle activity electrical in nature?	Luigi Galvani: In 1791 Galvani published his work on animal electricity	animal electricity;nerve	
Visual function without awareness		1974	discovery		https://en.wikipedia.org/wiki/Blindsight	CC BY-SA 4.0	Can people respond to visual stimuli they report not seeing?	Blindsight: Weiskrantz and colleagues described blindsight in 1974	blindsight;visual cortex	
Brain stimulation for tremor		1987	discovery		https://en.wikipedia.org/wiki/Deep_brain_stimulation	CC BY-SA 4.0	Can electrical stimulation of deep brain targets relieve tremor?	Deep brain stimulation: In 1987 Benabid introduced chronic thalamic stimulation for tremor	deep brain stimulation;tremor	medical devices
Electrical hearing restoration		1961	discovery		https://en.wikipedia.org/wiki/Cochlear_implant	CC BY-SA 4.0	Can electrical stimulation of the auditory nerve restore hearing?	Cochlear implant: The first cochlear implant was implanted in 1961	cochlear implant;auditory nerve	medical devices
Recording the brain's magnetic fields		1968	discovery		https://en.wikipedia.org/wiki/Magnetoencephalography	CC BY-SA 4.0	Can the magnetic field produced by brain activity be measured outside the head?	Magnetoencephalography: David Cohen recorded the first MEG signals in 1968	magnetoencephalography;magnetic fields	medical devices
Internal spatial maps in animals		1948	discovery		https://en.wikipedia.org/wiki/Cognitive_map	CC BY-SA 4.0	Do animals learn spatial layouts rather than only stimulus-response chains?	Cognitive map: Edward Tolman introduced the cognitive map in 1948	cognitive map;spatial	
Cytoarchitectonic map of the cortex		1909	discovery		https://en.wikipedia.org/wiki/Brodmann_area	CC BY-SA 4.0	Can the cerebral cortex be divided into distinct areas by cell architecture?	Brodmann area: Korbinian Brodmann published his map of cortical areas in 1909	Brodmann;cytoarchitecture	
Circuit for emotion		1937	discovery		https://en.wikipedia.org/wiki/Papez_circuit	CC BY-SA 4.0	Is there a brain circuit that underlies emotional experience?	Papez circuit: James Papez proposed his circuit for emotion in 1937	Papez;emotion	
Measuring intelligence		1905	discovery		https://en.wikipedia.org/wiki/Binet%E2%80%93Simon_test	CC BY-SA 4.0	Can children's intellectual level be measured by a standardised test?	Binet-Simon test: Alfred Binet and Theodore Simon published the first intelligence scale in 1905	intelligence;Binet	
General intelligence factor		1904	discovery		https://en.wikipedia.org/wiki/G_factor_(psychometrics)	CC BY-SA 4.0	Do performances on different mental tests share a common general factor?	g factor: Charles Spearman proposed the g factor in 1904	general intelligence;Spearman	
Cognitive therapy for depression		1960	discovery		https://en.wikipedia.org/wiki/Cognitive_behavioral_therapy	CC BY-SA 4.0	Can changing maladaptive thoughts relieve depression?	Cognitive behavioral therapy: Aaron Beck developed cognitive therapy in the 1960s	cognitive therapy;depression	healthcare
Naming of the synapse		1897	discovery		https://en.wikipedia.org/wiki/Synapse	CC BY-SA 4.0	What is the junction between two neurons called and what is its nature?	Synapse: Charles Sherrington introduced the term synapse in 1897	synapse;neurons	
Independent hemispheres after callosotomy		1960	discovery		https://en.wikipedia.org/wiki/Split-brain	CC BY-SA 4.0	Can the two hemispheres act as separate conscious systems after separation?	Split-brain: Sperry and Gazzaniga studied split-brain patients from the 1960s	split-brain;hemispheres	
Nerve growth factor		1952	discovery		https://en.wikipedia.org/wiki/Nerve_growth_factor	CC BY-SA 4.0	Is there a diffusible factor that drives the growth of sensory neurons?	Nerve growth factor: Levi-Montalcini identified nerve growth factor in the early 1950s	nerve growth factor;neurons	
Dopamine as a neurotransmitter		1957	discovery		https://en.wikipedia.org/wiki/Dopamine	CC BY-SA 4.0	Is dopamine a neurotransmitter in the brain and not only a precursor of noradrenaline?	Dopamine: Arvid Carlsson showed dopamine to be a neurotransmitter in 1957	dopamine;neurotransmitter	pharmaceuticals
Identification of acetylcholine		1914	discovery		https://en.wikipedia.org/wiki/Acetylcholine	CC BY-SA 4.0	What is the chemical messenger released by parasympathetic nerves?	Acetylcholine: Henry Dale identified acetylcholine in 1914	acetylcholine;messenger	
Isolation of serotonin		1948	discovery		https://en.wikipedia.org/wiki/Serotonin	CC BY-SA 4.0	What vasoconstrictor substance in blood serum acts on tone?	Serotonin: Serotonin was isolated and named in 1948	serotonin;vasoconstrictor	pharmaceuticals
Experience-driven reorganisation of the brain		1949	discovery		https://en.wikipedia.org/wiki/Neuroplasticity	CC BY-SA 4.0	Can the adult brain reorganise itself with experience?	Neuroplasticity: Hebb's 1949 work proposed activity-dependent change in neural circuits	neuroplasticity;reorganisation	
Critical period in visual development		1959	discovery		https://en.wikipedia.org/wiki/Critical_period	CC BY-SA 4.0	Is there a developmental window in which experience shapes the visual system?	Critical period: Hubel and Wiesel's work from 1959 on monocular deprivation revealed a critical period	critical period;visual	
Return of mental processes to psychology		1956	discovery		https://en.wikipedia.org/wiki/Cognitive_revolution	CC BY-SA 4.0	Can mental processes be studied scientifically after behaviourism?	Cognitive revolution: The cognitive revolution began in the 1950s, with 1956 a landmark year	cognitive revolution;mental processes	
Measuring infant attachment		1970	discovery		https://en.wikipedia.org/wiki/Strange_situation	CC BY-SA 4.0	Can attachment quality be measured in infants by observation?	Strange situation: Mary Ainsworth developed the Strange Situation in the 1970s	Strange Situation;attachment	
Cerebellum and motor coordination		1809	discovery		https://en.wikipedia.org/wiki/Cerebellum	CC BY-SA 4.0	What does the cerebellum do?	Cerebellum: Luigi Rolando observed motor deficits after cerebellar damage in 1809	cerebellum;motor coordination	
Description of the shaking palsy		1817	discovery		https://en.wikipedia.org/wiki/Parkinson%27s_disease	CC BY-SA 4.0	What is the disease of tremor and slowed movement?	Parkinson's disease: James Parkinson described the shaking palsy in 1817	Parkinson;shaking palsy	healthcare
Naming of schizophrenia		1908	discovery		https://en.wikipedia.org/wiki/Schizophrenia	CC BY-SA 4.0	Is dementia praecox a single disorder with a split between thought and emotion?	Schizophrenia: Eugen Bleuler coined the term schizophrenia in 1908	schizophrenia;Bleuler	healthcare
Rapid antidepressant effect of ketamine		2000	discovery		https://en.wikipedia.org/wiki/Ketamine	CC BY-SA 4.0	Can a single drug dose produce rapid relief of depression?	Ketamine: Berman and colleagues reported rapid antidepressant effects of ketamine in 2000	ketamine;antidepressant	pharmaceuticals
Description of Tourette syndrome		1885	discovery		https://en.wikipedia.org/wiki/Tourette_syndrome	CC BY-SA 4.0	Is there a distinct disorder of motor and vocal tics?	Tourette syndrome: Georges Gilles de la Tourette described the syndrome in 1885	Tourette;tics	healthcare
Neurotransmitter concept		1921	discovery		https://en.wikipedia.org/wiki/Neurotransmitter	CC BY-SA 4.0	Do nerve cells signal each other by releasing chemical neurotransmitters?	Neurotransmitter: Otto Loewi demonstrated chemical transmission in 1921	neurotransmitter;chemical	
Visual pigments in the retina		1967	discovery		https://en.wikipedia.org/wiki/Retina	CC BY-SA 4.0	How do photoreceptors convert light into neural signals?	Retina: George Wald and others received the 1967 Nobel prize for visual pigments	retina;photoreceptors	
Neurons as discrete cells		1888	discovery		https://en.wikipedia.org/wiki/Neuron_doctrine	CC BY-SA 4.0	Is the nervous system a continuous network or composed of discrete cells?	Neuron doctrine: Cajal's 1888 work supported the neuron as a discrete cell	discrete cells;nervous system	
Treatment of Parkinson's disease with levodopa		1961	discovery		https://en.wikipedia.org/wiki/Levodopa	CC BY-SA 4.0	Can Parkinson's disease symptoms be relieved by replacing dopamine?	Levodopa: In 1961 Birkmayer and Hornykiewicz gave the first levodopa injections to Parkinson's patients	Parkinson's disease;levodopa	pharmaceuticals
New neurons in the adult mammalian brain		1962	discovery		https://en.wikipedia.org/wiki/Adult_neurogenesis	CC BY-SA 4.0	Do neurons form in the adult mammalian brain?	Adult neurogenesis: In 1962 Joseph Altman reported new neurons in the adult rat brain	adult neurogenesis;neurons	
Learning from consequences		1938	discovery		https://en.wikipedia.org/wiki/Operant_conditioning	CC BY-SA 4.0	Does behaviour change as a function of its consequences?	Operant conditioning: Skinner published The Behavior of Organisms in 1938	operant conditioning;reinforcement	
First effective anticonvulsant drug		1912	discovery		https://en.wikipedia.org/wiki/Epilepsy	CC BY-SA 4.0	Can epileptic seizures be controlled by a drug?	Epilepsy: Phenobarbital was introduced for epilepsy in 1912	epilepsy;seizures	pharmaceuticals
Quantifying colour opponency		1957	discovery		https://en.wikipedia.org/wiki/Opponent_process	CC BY-SA 4.0	Can colour opponency be measured psychophysically?	Opponent process: Hurvich and Jameson quantified opponent processes in 1957	opponent process;colour	
Brain receptors for opiates		1973	discovery		https://en.wikipedia.org/wiki/Opioid_receptor	CC BY-SA 4.0	Does the brain have specific receptors for opiate drugs?	Opioid receptor: Pert and Snyder demonstrated the opiate receptor in 1973	opioid receptor;opiate	pharmaceuticals
Cloning of the cannabinoid receptor		1990	discovery		https://en.wikipedia.org/wiki/Cannabinoid_receptor	CC BY-SA 4.0	What receptor mediates the brain effects of cannabis?	Cannabinoid receptor: The first cannabinoid receptor was cloned in 1990	cannabinoid receptor;cannabis	pharmaceuticals
Dopamine receptors and antipsychotic action		1976	discovery		https://en.wikipedia.org/wiki/Dopamine_hypothesis_of_schizophrenia	CC BY-SA 4.0	Do antipsychotic drugs act through dopamine receptors?	Dopamine hypothesis of schizophrenia: In 1976 binding studies linked antipsychotic potency to dopamine D2 receptor affinity	dopamine;antipsychotic	pharmaceuticals
Binocular depth perception		1838	discovery		https://en.wikipedia.org/wiki/Stereopsis	CC BY-SA 4.0	How does binocular vision produce the perception of depth?	Stereopsis: Wheatstone demonstrated stereopsis in 1838	stereopsis;binocular	
Relating sensation to stimulus intensity		1860	discovery		https://en.wikipedia.org/wiki/Weber%E2%80%93Fechner_law	CC BY-SA 4.0	Can sensation magnitude be related quantitatively to stimulus intensity?	Weber-Fechner law: Fechner formulated the law in 1860	sensation;stimulus intensity	
Timing mental processes		1868	discovery		https://en.wikipedia.org/wiki/Mental_chronometry	CC BY-SA 4.0	Can the duration of mental processes be measured?	Mental chronometry: Donders introduced reaction time subtraction in 1868	mental chronometry;reaction time	
Complete wiring diagram of a nervous system		1986	discovery		https://en.wikipedia.org/wiki/Connectome	CC BY-SA 4.0	Can the complete wiring diagram of an animal nervous system be mapped?	Connectome: The C. elegans nervous system was mapped in 1986	connectome;nervous system	
Direct brain communication with a computer		1973	discovery		https://en.wikipedia.org/wiki/Brain%E2%80%93computer_interface	CC BY-SA 4.0	Can a computer be controlled directly by brain signals?	Brain-computer interface: Jacques Vidal coined brain-computer interface in 1973	brain-computer interface;signals	medical devices
Word blindness		1896	discovery		https://en.wikipedia.org/wiki/Dyslexia	CC BY-SA 4.0	Can a child with normal intelligence be unable to learn to read?	Dyslexia: Pringle Morgan described congenital word blindness in 1896	dyslexia;word blindness	education
Surgical anaesthesia		1846	discovery		https://en.wikipedia.org/wiki/History_of_general_anesthesia	CC BY-SA 4.0	Can pain during surgery be abolished safely?	History of general anesthesia: Morton demonstrated ether anaesthesia in 1846	anesthesia;ether	healthcare
Learned helplessness		1967	discovery		https://en.wikipedia.org/wiki/Learned_helplessness	CC BY-SA 4.0	Can uncontrollable aversive events produce passive behaviour in animals?	Learned helplessness: Seligman and Maier described learned helplessness in 1967	learned helplessness;aversive	
Staining whole neurons		1873	discovery		https://en.wikipedia.org/wiki/Golgi%27s_method	CC BY-SA 4.0	Can individual neurons be visualised in full within brain tissue?	Golgi's method: Golgi developed his staining method in 1873	Golgi;neurons	
First benzodiazepine		1955	discovery		https://en.wikipedia.org/wiki/Benzodiazepine	CC BY-SA 4.0	Can a drug reduce anxiety with a wide safety margin?	Benzodiazepine: Sternbach synthesised chlordiazepoxide in 1955	benzodiazepine;anxiety	pharmaceuticals
Selective loss of face recognition		1947	discovery		https://en.wikipedia.org/wiki/Prosopagnosia	CC BY-SA 4.0	Can face recognition be lost while other visual recognition is preserved?	Prosopagnosia: Bodamer described prosopagnosia in 1947	prosopagnosia;face recognition	
