name	posed	resolved	source	licence	statement	status_source	keywords	market
Electron as a particle		1897	https://en.wikipedia.org/wiki/Timeline_of_particle_discoveries	CC BY-SA 4.0	Is the matter in cathode rays a particle lighter than any atom?	Timeline of particle discoveries: "Electron discovered by J. J. Thomson"	electron;cathode;particle	electronics
Nature of uranium alpha radiation		1899	https://en.wikipedia.org/wiki/Timeline_of_particle_discoveries	CC BY-SA 4.0	What is the weakly penetrating radiation emitted by uranium?	Timeline of particle discoveries: "Alpha particle discovered by Ernest Rutherford in uranium radiation"	alpha particle;uranium;radiation	
Gamma radiation from uranium decay		1900	https://en.wikipedia.org/wiki/Timeline_of_particle_discoveries	CC BY-SA 4.0	Does uranium decay emit a radiation more penetrating than alpha and beta rays?	Timeline of particle discoveries: "Gamma ray (a high-energy photon) discovered by Paul Villard in uranium decay"	gamma ray;uranium;penetrating	medical imaging
Infrared radiation from the Sun		1800	https://en.wikipedia.org/wiki/Timeline_of_particle_discoveries	CC BY-SA 4.0	Does sunlight carry invisible heat rays beyond the red end of the spectrum?	Timeline of particle discoveries: "William Herschel discovers 'heat rays' (now known as infrared)"	infrared;sunlight;spectrum	
Ultraviolet radiation beyond violet light		1801	https://en.wikipedia.org/wiki/Timeline_of_particle_discoveries	CC BY-SA 4.0	Do invisible rays exist beyond the violet end of the visible spectrum?	Timeline of particle discoveries: "Johann Wilhelm Ritter made the hallmark observation that invisible rays just beyond the violet end"	ultraviolet;violet;visible spectrum	
Penetrating rays from cathode ray tubes		1895	https://en.wikipedia.org/wiki/Timeline_of_particle_discoveries	CC BY-SA 4.0	What are the penetrating rays produced when electron beams strike matter?	Timeline of particle discoveries: "X-ray produced by Wilhelm Roentgen (later identified as photons)"	X-ray;penetrating;electron beams	medical imaging
Atomic nucleus		1911	https://en.wikipedia.org/wiki/Timeline_of_particle_discoveries	CC BY-SA 4.0	Is the positive charge of the atom concentrated in a small central nucleus?	Timeline of particle discoveries: "Atomic nucleus identified by Ernest Rutherford, based on scattering observed by Hans Geiger and Ernest Marsden"	nucleus;scattering;positive charge	nuclear energy
Proton as a nuclear constituent		1919	https://en.wikipedia.org/wiki/Timeline_of_particle_discoveries	CC BY-SA 4.0	Does the nucleus contain a positively charged particle that is the hydrogen nucleus?	Timeline of particle discoveries: "Proton discovered by Ernest Rutherford"	proton;nucleus;hydrogen	
Heavy hydrogen	1920	1931	https://en.wikipedia.org/wiki/Timeline_of_particle_discoveries	CC BY-SA 4.0	Is there a heavier isotope of hydrogen with a nucleus of two particles?	Timeline of particle discoveries: "Deuteron discovered by Harold Urey (predicted by Rutherford in 1920)"	deuteron;isotope;hydrogen	nuclear energy
Neutron	1920	1932	https://en.wikipedia.org/wiki/Timeline_of_particle_discoveries	CC BY-SA 4.0	Does the nucleus contain an electrically neutral particle with about the proton mass?	Timeline of particle discoveries: "Neutron discovered by James Chadwick (predicted by Rutherford in 1920)"	neutron;nucleus;neutral	nuclear energy
Existence of antimatter	1927	1932	https://en.wikipedia.org/wiki/Timeline_of_particle_discoveries	CC BY-SA 4.0	Does the positive counterpart of the electron predicted by the Dirac equation exist?	Timeline of particle discoveries: "Antielectron (or positron), the first antiparticle, discovered by Carl D. Anderson"	positron;antiparticle;electron	medical imaging
Penetrating cosmic-ray particle		1937	https://en.wikipedia.org/wiki/Timeline_of_particle_discoveries	CC BY-SA 4.0	What is the penetrating cosmic-ray particle with a mass between the electron and the proton?	Timeline of particle discoveries: "Muon (or mu lepton) discovered by Seth Neddermeyer, Carl D. Anderson, J.C. Street, and E.C. Stevenson"	muon;cosmic;particle	
Carrier of the nuclear force	1935	1947	https://en.wikipedia.org/wiki/Timeline_of_particle_discoveries	CC BY-SA 4.0	Does the meson predicted by Yukawa to carry the nuclear force exist?	Timeline of particle discoveries: "Pion (or pi meson) discovered by C. F. Powell's group"	meson;nuclear force;pion	
Strange particles		1947	https://en.wikipedia.org/wiki/Timeline_of_particle_discoveries	CC BY-SA 4.0	Do cosmic rays contain particles that form fast and decay slowly?	Timeline of particle discoveries: "Kaon (or K meson), the first strange particle, discovered by George Dixon Rochester and Clifford Charles Butler"	strange particle;kaon;cosmic	
Antiproton		1955	https://en.wikipedia.org/wiki/Timeline_of_particle_discoveries	CC BY-SA 4.0	Does the proton have an antiparticle?	Timeline of particle discoveries: "Antiproton discovered by Owen Chamberlain, Emilio Segre, Clyde Wiegand, and Thomas Ypsilantis"	antiproton;proton;antiparticle	
Detecting the neutrino	1930	1956	https://en.wikipedia.org/wiki/Timeline_of_particle_discoveries	CC BY-SA 4.0	Can the neutrino proposed to save energy conservation in beta decay be detected?	Timeline of particle discoveries: "Electron neutrino detected by Frederick Reines and Clyde Cowan"	neutrino;beta decay;energy conservation	
Second kind of neutrino		1962	https://en.wikipedia.org/wiki/Timeline_of_particle_discoveries	CC BY-SA 4.0	Is the neutrino paired with the muon distinct from the electron neutrino?	Timeline of particle discoveries: "Muon neutrino (or mu neutrino) shown to be distinct from the electron neutrino by a group headed by Leon Lederman"	muon neutrino;distinct;electron neutrino	
Omega baryon		1964	https://en.wikipedia.org/wiki/Timeline_of_particle_discoveries	CC BY-SA 4.0	Does the Omega baryon required by the eightfold classification of hadrons exist?	Timeline of particle discoveries: "Omega baryon and Xi baryon discovery at Brookhaven National Laboratory"	baryon;Brookhaven;hadrons	
Internal structure of the proton		1969	https://en.wikipedia.org/wiki/Timeline_of_particle_discoveries	CC BY-SA 4.0	Do protons contain point-like internal constituents?	Timeline of particle discoveries: "Partons (internal constituents of hadrons) observed in deep inelastic scattering experiments"	partons;proton;scattering	
Charm quark	1964	1974	https://en.wikipedia.org/wiki/Timeline_of_particle_discoveries	CC BY-SA 4.0	Does a fourth quark flavour called charm exist?	Timeline of particle discoveries: "J/psi meson discovered by groups headed by Burton Richter and Samuel Ting, demonstrating the existence of the charm quark"	charm quark;meson;existence	
Third charged lepton		1975	https://en.wikipedia.org/wiki/Timeline_of_particle_discoveries	CC BY-SA 4.0	Is there a charged lepton heavier than the muon?	Timeline of particle discoveries: "Tau discovered by a group headed by Martin Perl"	charged lepton;heavier;muon	
Bottom quark	1973	1977	https://en.wikipedia.org/wiki/Timeline_of_particle_discoveries	CC BY-SA 4.0	Does a fifth quark flavour called bottom exist?	Timeline of particle discoveries: "Upsilon meson discovered at Fermilab, demonstrating the existence of the bottom quark"	bottom quark;Fermilab;existence	
Carrier of the strong force		1979	https://en.wikipedia.org/wiki/Timeline_of_particle_discoveries	CC BY-SA 4.0	Can the carrier of the strong force be seen in particle jets?	Timeline of particle discoveries: "Gluon observed indirectly in three-jet events at DESY"	gluon;strong force;particle jets	
Weak force carriers		1983	https://en.wikipedia.org/wiki/Timeline_of_particle_discoveries	CC BY-SA 4.0	Do the W and Z bosons of the electroweak theory exist?	Timeline of particle discoveries: "W and Z bosons discovered by Carlo Rubbia, Simon van der Meer, and the CERN UA1 collaboration"	bosons;electroweak;carriers	
Top quark		1995	https://en.wikipedia.org/wiki/Timeline_of_particle_discoveries	CC BY-SA 4.0	Does the sixth quark, the top quark, exist?	Timeline of particle discoveries: "Top quark discovered at Fermilab"	top quark;Fermilab;existence	
Antihydrogen atoms		1995	https://en.wikipedia.org/wiki/Timeline_of_particle_discoveries	CC BY-SA 4.0	Can atoms of antimatter be made and measured?	Timeline of particle discoveries: "Antihydrogen produced and measured by the LEAR experiment at CERN"	antihydrogen;antimatter;measured	
Quark-gluon matter		2000	https://en.wikipedia.org/wiki/Timeline_of_particle_discoveries	CC BY-SA 4.0	Can a quark-gluon fireball be made in heavy-ion collisions?	Timeline of particle discoveries: "Quark-gluon fireball discovered at CERN"	quark-gluon;fireball;collisions	
Tau neutrino		2000	https://en.wikipedia.org/wiki/Timeline_of_particle_discoveries	CC BY-SA 4.0	Can the tau neutrino be observed directly?	Timeline of particle discoveries: "Tau neutrino first observed directly at Fermilab"	neutrino;directly;Fermilab	
Antihelium nuclei		2011	https://en.wikipedia.org/wiki/Timeline_of_particle_discoveries	CC BY-SA 4.0	Can antihelium-4 nuclei be produced and measured?	Timeline of particle discoveries: "Antihelium-4 produced and measured by the STAR detector"	antihelium;STAR detector;nuclei	
Radioactivity of uranium		1896	https://en.wikipedia.org/wiki/Timeline_of_atomic_and_subatomic_physics	CC BY-SA 4.0	Do uranium salts emit penetrating radiation without exposure to light?	Timeline of atomic and subatomic physics: "Antoine Henri Becquerel discovers the radioactivity of uranium"	radioactivity;uranium;penetrating	nuclear energy
Radioactive elements in pitchblende		1898	https://en.wikipedia.org/wiki/Timeline_of_atomic_and_subatomic_physics	CC BY-SA 4.0	Why is pitchblende more radioactive than the uranium it contains?	Timeline of atomic and subatomic physics: "Marie and Pierre Curie discovered the existence of the radioactive elements radium and polonium"	pitchblende;radioactive;uranium	
Photoelectron energy law		1902	https://en.wikipedia.org/wiki/Timeline_of_atomic_and_subatomic_physics	CC BY-SA 4.0	How does the maximum energy of photoelectrons depend on light intensity and frequency?	Timeline of atomic and subatomic physics: "Philipp Lenard observes that maximum photoelectron energies are independent of illuminating intensity but depend on frequency"	photoelectron;frequency;intensity	solar energy
Characteristic X-rays of elements		1906	https://en.wikipedia.org/wiki/Timeline_of_atomic_and_subatomic_physics	CC BY-SA 4.0	Does each element emit its own characteristic X-rays?	Timeline of atomic and subatomic physics: "Charles Barkla discovers that each element has a characteristic X-ray"	characteristic;element;X-rays	
Composition of alpha particles		1909	https://en.wikipedia.org/wiki/Timeline_of_atomic_and_subatomic_physics	CC BY-SA 4.0	What are alpha particles made of?	Timeline of atomic and subatomic physics: "Ernest Rutherford and Thomas Royds demonstrate that alpha particles are doubly ionized helium atoms"	alpha particles;helium;ionized	
Charge of the electron		1913	https://en.wikipedia.org/wiki/Timeline_of_atomic_and_subatomic_physics	CC BY-SA 4.0	What is the fundamental unit of electric charge?	Timeline of atomic and subatomic physics: "Robert Millikan measures the fundamental unit of electric charge"	electric charge;fundamental;Millikan	
Stark splitting of hydrogen lines		1913	https://en.wikipedia.org/wiki/Timeline_of_atomic_and_subatomic_physics	CC BY-SA 4.0	Do strong electric fields split the spectral lines of hydrogen?	Timeline of atomic and subatomic physics: "Johannes Stark demonstrates that strong electric fields will split the Balmer spectral line series of hydrogen"	electric fields;spectral;hydrogen	
Quantization of spin in space		1922	https://en.wikipedia.org/wiki/Timeline_of_atomic_and_subatomic_physics	CC BY-SA 4.0	Is the orientation of atomic angular momentum quantized in space?	Timeline of atomic and subatomic physics: "Otto Stern and Walther Gerlach show 'spin quantization'"	quantization;angular momentum;atomic	
Wave equation of quantum mechanics		1926	https://en.wikipedia.org/wiki/Timeline_of_atomic_and_subatomic_physics	CC BY-SA 4.0	What wave equation governs the evolution of a quantum system?	Timeline of atomic and subatomic physics: "Erwin Schroedinger states his nonrelativistic quantum wave equation and formulates quantum wave mechanics"	wave equation;quantum;nonrelativistic	computing
Relativistic electron equation		1928	https://en.wikipedia.org/wiki/Timeline_of_atomic_and_subatomic_physics	CC BY-SA 4.0	Can a relativistic wave equation for the electron be written that agrees with quantum mechanics?	Timeline of atomic and subatomic physics: "Paul Dirac states the Dirac equation"	relativistic;electron;wave equation	
Continuous beta decay spectrum		1930	https://en.wikipedia.org/wiki/Timeline_of_atomic_and_subatomic_physics	CC BY-SA 4.0	Why do electrons from beta decay show a continuous energy spectrum?	Timeline of atomic and subatomic physics: "Wolfgang Pauli postulated the neutrino to explain the energy spectrum of beta decays"	energy spectrum;beta decay;neutrino	
Attraction between neutral molecules		1930	https://en.wikipedia.org/wiki/Timeline_of_atomic_and_subatomic_physics	CC BY-SA 4.0	What causes the attraction between neutral molecules?	Timeline of atomic and subatomic physics: "Fritz London explains van der Waals forces as due to the interacting fluctuating dipole moments between molecules"	molecules;attraction;fluctuating	materials
Isotopes as nuclear composition		1932	https://en.wikipedia.org/wiki/Timeline_of_atomic_and_subatomic_physics	CC BY-SA 4.0	How can isotopes be explained in terms of nuclear constituents?	Timeline of atomic and subatomic physics: "Werner Heisenberg presents the proton-neutron model of the nucleus and uses it to explain isotopes"	isotopes;nucleus;proton-neutron	
Light from fast particles in liquids		1934	https://en.wikipedia.org/wiki/Timeline_of_atomic_and_subatomic_physics	CC BY-SA 4.0	Why do relativistic particles in a liquid emit light?	Timeline of atomic and subatomic physics: "Pavel Cherenkov reports that light is emitted by relativistic particles traveling in a nonscintillating liquid"	relativistic;particles;liquid	detectors
Products of uranium bombarded with neutrons		1939	https://en.wikipedia.org/wiki/Timeline_of_atomic_and_subatomic_physics	CC BY-SA 4.0	What elements form when uranium is bombarded with neutrons?	Timeline of atomic and subatomic physics: "Otto Hahn and Fritz Strassmann bombard uranium salts with thermal neutrons and discover barium among the reaction products"	uranium;neutrons;barium	nuclear energy
Hydrogen level splitting		1947	https://en.wikipedia.org/wiki/Timeline_of_atomic_and_subatomic_physics	CC BY-SA 4.0	Do the 2S and 2P levels of hydrogen have exactly the same energy?	Timeline of atomic and subatomic physics: "Willis Lamb and Robert Retherford measure the Lamb-Retherford shift"	hydrogen;energy;level	
Electron-positron bound state		1951	https://en.wikipedia.org/wiki/Timeline_of_atomic_and_subatomic_physics	CC BY-SA 4.0	Can an electron and a positron form a bound atom?	Timeline of atomic and subatomic physics: "Martin Deutsch discovers positronium"	positronium;electron;positron	
Wave nature of light		1801	https://en.wikipedia.org/wiki/Timeline_of_quantum_mechanics	CC BY-SA 4.0	Is light a wave?	Timeline of quantum mechanics: "Thomas Young establishes the wave nature of light with his double-slit experiment"	double-slit;wave;light	
Regularity in hydrogen spectral lines		1885	https://en.wikipedia.org/wiki/Timeline_of_quantum_mechanics	CC BY-SA 4.0	Is there a numerical regularity in the visible spectral lines of hydrogen?	Timeline of quantum mechanics: "Johann Jakob Balmer discovers a numerical relationship between visible spectral lines of hydrogen"	spectral lines;hydrogen;numerical	
Magnetic splitting of spectral lines		1896	https://en.wikipedia.org/wiki/Timeline_of_quantum_mechanics	CC BY-SA 4.0	Does a magnetic field split the emission lines of a light source?	Timeline of quantum mechanics: "Pieter Zeeman first observes the Zeeman splitting effect by applying a magnetic field to light sources"	magnetic field;splitting;light sources	
Photoelectric effect		1905	https://en.wikipedia.org/wiki/Timeline_of_quantum_mechanics	CC BY-SA 4.0	How does light eject electrons from a metal?	Timeline of quantum mechanics: "Albert Einstein explains the photoelectric effect"	photoelectric;electrons;metal	solar energy
Interference at single-photon intensity		1909	https://en.wikipedia.org/wiki/Timeline_of_quantum_mechanics	CC BY-SA 4.0	Do interference patterns persist when only one photon is present at a time?	Timeline of quantum mechanics: "Geoffrey Ingram Taylor demonstrates that interference patterns of light were generated even when the light energy introduced consisted of only one photon"	interference;photon;light	
Quantized atomic energy levels		1914	https://en.wikipedia.org/wiki/Timeline_of_quantum_mechanics	CC BY-SA 4.0	Are the energy levels of atoms quantized as the Bohr model asserts?	Timeline of quantum mechanics: "James Franck and Gustav Hertz report their experiment on electron collisions with mercury atoms"	energy levels;mercury;electron	
Exclusion of identical fermions		1924	https://en.wikipedia.org/wiki/Timeline_of_quantum_mechanics	CC BY-SA 4.0	Why do electrons in an atom not all occupy the lowest quantum state?	Timeline of quantum mechanics: "Wolfgang Pauli outlines the 'Pauli exclusion principle'"	exclusion principle;fermions;quantum state	
Limit on joint precision of position and momentum		1927	https://en.wikipedia.org/wiki/Timeline_of_quantum_mechanics	CC BY-SA 4.0	Is there a limit to knowing position and momentum at once?	Timeline of quantum mechanics: "Werner Heisenberg formulates the quantum uncertainty principle"	uncertainty;position;momentum	
Quantitative theory of beta decay		1934	https://en.wikipedia.org/wiki/Timeline_of_quantum_mechanics	CC BY-SA 4.0	Can beta decay be described quantitatively with neutrino emission?	Timeline of quantum mechanics: "Fermi publishes a very successful model of beta decay in which neutrinos are produced"	beta decay;neutrinos;Fermi	
Possibility of a nuclear chain reaction		1939	https://en.wikipedia.org/wiki/Timeline_of_quantum_mechanics	CC BY-SA 4.0	Is a self-sustaining nuclear chain reaction possible?	Timeline of quantum mechanics: "Leo Szilard and Fermi discover neutron multiplication in uranium, proving that a chain reaction is indeed possible"	chain reaction;neutron multiplication;uranium	nuclear energy
Infinities in quantum electrodynamics		1948	https://en.wikipedia.org/wiki/Timeline_of_quantum_mechanics	CC BY-SA 4.0	How can the infinities in quantum electrodynamics be removed?	Timeline of quantum mechanics: "Sin-Itiro Tomonaga and Julian Schwinger independently introduce perturbative renormalization"	renormalization;quantum field;infinities	
Equivalence of QED formulations		1949	https://en.wikipedia.org/wiki/Timeline_of_quantum_mechanics	CC BY-SA 4.0	Are Feynman's diagrams and the operator method of quantum electrodynamics equivalent?	Timeline of quantum mechanics: "Freeman Dyson determines the equivalence of two formulations of quantum electrodynamics"	Feynman;quantum electrodynamics;equivalence	
Microwave amplification by stimulated emission		1953	https://en.wikipedia.org/wiki/Timeline_of_quantum_mechanics	CC BY-SA 4.0	Can microwaves be amplified by stimulated emission?	Timeline of quantum mechanics: "Charles H. Townes, collaborating with James P. Gordon, and Herbert J. Zeiger, builds the first ammonia maser"	microwaves;amplified;stimulated emission	lasers;telecom
Parity in the weak interaction		1956	https://en.wikipedia.org/wiki/Timeline_of_quantum_mechanics	CC BY-SA 4.0	Is parity conserved in the weak interaction?	Timeline of quantum mechanics: "Chien-Shiung Wu carries out the Wu Experiment, which observes parity violation in cobalt-60 decay"	parity;weak interaction;cobalt-60	
Low-temperature superconductivity		1957	https://en.wikipedia.org/wiki/Timeline_of_quantum_mechanics	CC BY-SA 4.0	What explains superconductivity at low temperature?	Timeline of quantum mechanics: "John Bardeen, Leon Cooper and John Robert Schrieffer propose their quantum BCS theory of low temperature superconductivity"	superconductivity;low temperature;BCS	energy;electronics
Electron double-slit interference		1961	https://en.wikipedia.org/wiki/Timeline_of_quantum_mechanics	CC BY-SA 4.0	Do electrons show double-slit interference like light?	Timeline of quantum mechanics: "Claus Joensson performs Young's double-slit experiment for the first time with particles other than photons by using electrons"	double-slit;electrons;interference	
Renormalizability of the electroweak theory		1971	https://en.wikipedia.org/wiki/Timeline_of_quantum_mechanics	CC BY-SA 4.0	Is the broken-symmetry electroweak gauge theory renormalizable?	Timeline of quantum mechanics: "Martinus J. G. Veltman and Gerardus 't Hooft show that, if the symmetries of Yang-Mills theory are broken according to the method suggested by Peter Higgs"	renormalizable;electroweak;Yang-Mills	
Cuprate high-temperature superconductivity		1986	https://en.wikipedia.org/wiki/Timeline_of_quantum_mechanics	CC BY-SA 4.0	Can superconductivity occur at temperatures far above those of classic metals?	Timeline of quantum mechanics: "Johannes Georg Bednorz and Karl Alexander Mueller produce unambiguous experimental proof of high-temperature superconductivity"	superconductivity;high-temperature;temperatures	energy;electronics
Bose-Einstein condensate in a dilute gas		1995	https://en.wikipedia.org/wiki/Timeline_of_quantum_mechanics	CC BY-SA 4.0	Can a pure Bose-Einstein condensate be made by cooling a dilute vapor?	Timeline of quantum mechanics: "Eric Cornell, Carl Wieman and Wolfgang Ketterle and co-workers at JILA create the first 'pure' Bose-Einstein condensate"	condensate;dilute vapor;cooling	quantum sensing
Pressure and volume of a gas		1660	https://en.wikipedia.org/wiki/Timeline_of_thermodynamics	CC BY-SA 4.0	How are the pressure and volume of a gas related?	Timeline of thermodynamics: "Robert Boyle experimentally discovers Boyle's law, relating the pressure and volume of a gas"	pressure;volume;Boyle's law	
Absolute zero		1702	https://en.wikipedia.org/wiki/Timeline_of_thermodynamics	CC BY-SA 4.0	Is there a lowest possible temperature?	Timeline of thermodynamics: "Guillaume Amontons introduces the concept of absolute zero, based on observations of gases"	absolute zero;temperature;gases	
Heat absorbed by melting ice		1761	https://en.wikipedia.org/wiki/Timeline_of_thermodynamics	CC BY-SA 4.0	Does ice absorb heat while melting without changing temperature?	Timeline of thermodynamics: "Joseph Black discovers that ice absorbs heat without changing its temperature when melting"	melting;absorbs heat;temperature	
Source of frictional heat		1798	https://en.wikipedia.org/wiki/Timeline_of_thermodynamics	CC BY-SA 4.0	What is the source of the heat produced by friction?	Timeline of thermodynamics: "Count Rumford (Benjamin Thompson) publishes his paper 'An Inquiry Concerning the Source of the Heat Which Is Excited by Friction'"	friction;source of heat;Rumford	
Volume and temperature of a gas		1802	https://en.wikipedia.org/wiki/Timeline_of_thermodynamics	CC BY-SA 4.0	How does the volume of a gas depend on its temperature?	Timeline of thermodynamics: "Joseph Louis Gay-Lussac publishes Charles's law"	volume;temperature;Charles's law	
Specific heat of crystals		1819	https://en.wikipedia.org/wiki/Timeline_of_thermodynamics	CC BY-SA 4.0	Is there a regularity in the specific heat capacity of crystals?	Timeline of thermodynamics: "Pierre Louis Dulong and Alexis Therese Petit give the Dulong-Petit law for the specific heat capacity of a crystal"	specific heat;crystal;Dulong-Petit	materials
Efficiency limit of heat engines		1824	https://en.wikipedia.org/wiki/Timeline_of_thermodynamics	CC BY-SA 4.0	What limits the efficiency of a heat engine?	Timeline of thermodynamics: "Sadi Carnot analyzes the efficiency of steam engines using caloric theory"	efficiency;steam engines;reversible	energy
Mechanical equivalent of heat		1843	https://en.wikipedia.org/wiki/Timeline_of_thermodynamics	CC BY-SA 4.0	How much mechanical work equals a unit of heat?	Timeline of thermodynamics: "James Joule experimentally finds the mechanical equivalent of heat"	mechanical equivalent;heat;experimentally	
Ideal gas law		1845	https://en.wikipedia.org/wiki/Timeline_of_thermodynamics	CC BY-SA 4.0	Can the gas laws be combined into one equation of state?	Timeline of thermodynamics: "Henri Victor Regnault added Avogadro's law to the combined gas law to produce the ideal gas law"	ideal gas;combined gas law;Avogadro	
Conservation of energy		1847	https://en.wikipedia.org/wiki/Timeline_of_thermodynamics	CC BY-SA 4.0	Is energy conserved across all forms of heat and work?	Timeline of thermodynamics: "Hermann von Helmholtz publishes a definitive statement of the conservation of energy, the first law of thermodynamics"	conservation;first law;thermodynamics	
Cooling of an expanding gas		1852	https://en.wikipedia.org/wiki/Timeline_of_thermodynamics	CC BY-SA 4.0	Does a rapidly expanding gas cool?	Timeline of thermodynamics: "Joule and Thomson demonstrate that a rapidly expanding gas cools"	expanding gas;cools;Joule-Thomson	refrigeration
Speed distribution of gas molecules		1859	https://en.wikipedia.org/wiki/Timeline_of_thermodynamics	CC BY-SA 4.0	What is the distribution of molecular speeds in a gas?	Timeline of thermodynamics: "James Clerk Maxwell discovers the distribution law of molecular velocities"	molecular velocities;distribution;Maxwell	
Universality of black-body emission		1859	https://en.wikipedia.org/wiki/Timeline_of_thermodynamics	CC BY-SA 4.0	Does the radiation from a black body depend only on temperature and frequency?	Timeline of thermodynamics: "Gustav Kirchhoff shows that energy emission from a black body is a function only of temperature and frequency"	black body;temperature;frequency	
State function for irreversibility		1865	https://en.wikipedia.org/wiki/Timeline_of_thermodynamics	CC BY-SA 4.0	Is there a state function that measures the irreversibility of heat processes?	Timeline of thermodynamics: "Clausius introduces the modern macroscopic concept of entropy"	entropy;irreversibility;state function	
Number of molecules in a volume of gas		1865	https://en.wikipedia.org/wiki/Timeline_of_thermodynamics	CC BY-SA 4.0	How many molecules are there in a given volume of gas?	Timeline of thermodynamics: "Josef Loschmidt applies Maxwell's theory to estimate the number-density of molecules in gases"	molecules;number-density;viscosities	
Equation of state of real gases		1873	https://en.wikipedia.org/wiki/Timeline_of_thermodynamics	CC BY-SA 4.0	What equation of state describes real gases and their liquefaction?	Timeline of thermodynamics: "Johannes Diderik van der Waals formulates his equation of state"	equation of state;real gases;liquefaction	
Entropy and probability		1877	https://en.wikipedia.org/wiki/Timeline_of_thermodynamics	CC BY-SA 4.0	How is entropy related to the number of molecular arrangements?	Timeline of thermodynamics: "Boltzmann states the relationship between entropy and probability"	entropy;probability;Boltzmann	
Total radiation of a black body		1879	https://en.wikipedia.org/wiki/Timeline_of_thermodynamics	CC BY-SA 4.0	How does the total radiation of a black body scale with temperature?	Timeline of thermodynamics: "Josef Stefan observes that the total radiant flux from a blackbody is proportional to the fourth power of its temperature"	radiant flux;blackbody;temperature	
Response of equilibrium to perturbation		1888	https://en.wikipedia.org/wiki/Timeline_of_thermodynamics	CC BY-SA 4.0	How does a chemical system at equilibrium respond to a perturbation?	Timeline of thermodynamics: "Henri-Louis Le Chatelier states his principle that the response of a chemical system perturbed from equilibrium will be to counteract the perturbation"	equilibrium;perturbation;chemical system	chemicals
Voltage of electrochemical cells		1889	https://en.wikipedia.org/wiki/Timeline_of_thermodynamics	CC BY-SA 4.0	How is the voltage of an electrochemical cell related to its chemical thermodynamics?	Timeline of thermodynamics: "Walther Nernst relates the voltage of electrochemical cells to their chemical thermodynamics via the Nernst equation"	voltage;electrochemical cells;thermodynamics	batteries
Two kinds of electric charge		1737	https://en.wikipedia.org/wiki/Timeline_of_electromagnetism_and_classical_optics	CC BY-SA 4.0	Are there two kinds of electric charge?	Timeline of electromagnetism and classical optics: "C. F. du Fay and Francis Hauksbee the younger independently discover two kinds of frictional electricity"	electric charge;frictional;two kinds	
Finite speed of light		1676	https://en.wikipedia.org/wiki/Timeline_of_electromagnetism_and_classical_optics	CC BY-SA 4.0	Is the speed of light finite?	Timeline of electromagnetism and classical optics: "Ole Roemer proves that speed of light is finite, by observing Jupiter's moons"	speed of light;finite;Jupiter's moons	
Nature of lightning		1752	https://en.wikipedia.org/wiki/Timeline_of_electromagnetism_and_classical_optics	CC BY-SA 4.0	Is lightning an electrical discharge?	Timeline of electromagnetism and classical optics: "Benjamin Franklin suggests flying a kite into a thunderstorm and transferring some of the charge into a Leyden jar"	lightning;electrical;thunderstorm	
Force law between electric charges		1767	https://en.wikipedia.org/wiki/Timeline_of_electromagnetism_and_classical_optics	CC BY-SA 4.0	What law governs the force between electric charges?	Timeline of electromagnetism and classical optics: "Joseph Priestley proposes an electrical inverse-square law"	inverse-square;electrical;charges	
Steady electric current from chemistry		1799	https://en.wikipedia.org/wiki/Timeline_of_electromagnetism_and_classical_optics	CC BY-SA 4.0	Can chemical action produce a steady electric current?	Timeline of electromagnetism and classical optics: "Alessandro Volta creates a voltaic cell producing an electric current by the chemical action"	chemical action;electric current;voltaic	batteries
Electrolysis of water		1800	https://en.wikipedia.org/wiki/Timeline_of_electromagnetism_and_classical_optics	CC BY-SA 4.0	Can electricity decompose water into its elements?	Timeline of electromagnetism and classical optics: "William Nicholson, Anthony Carlisle and Johann Ritter use electricity to decompose water into hydrogen and oxygen"	electricity;decompose;hydrogen	
Force between current-carrying wires		1820	https://en.wikipedia.org/wiki/Timeline_of_electromagnetism_and_classical_optics	CC BY-SA 4.0	Do parallel current-carrying wires exert magnetic force on each other?	Timeline of electromagnetism and classical optics: "Andre-Marie Ampere demonstrates that parallel current-carrying wires experience magnetic force"	parallel;current-carrying;magnetic force	
Bright spot behind a circular shadow		1818	https://en.wikipedia.org/wiki/Timeline_of_electromagnetism_and_classical_optics	CC BY-SA 4.0	Does diffraction put a bright spot at the centre of a circular shadow?	Timeline of electromagnetism and classical optics: "Francois Jean Dominique Arago verifies the existence of the Poisson-Arago bright spot"	diffraction;bright spot;circular shadow	
Transverse nature of light		1821	https://en.wikipedia.org/wiki/Timeline_of_electromagnetism_and_classical_optics	CC BY-SA 4.0	Is light entirely transverse with no longitudinal vibration?	Timeline of electromagnetism and classical optics: "Augustin-Jean Fresnel derives a mathematical demonstration that polarization can be explained only if light is entirely transverse"	polarization;transverse;longitudinal	
Direction of induced current		1834	https://en.wikipedia.org/wiki/Timeline_of_electromagnetism_and_classical_optics	CC BY-SA 4.0	Which way does an induced electric current flow?	Timeline of electromagnetism and classical optics: "Heinrich Lenz determines the direction of the induced electromotive force"	induced;electromotive force;direction	electric power
Magnetic influence on light		1845	https://en.wikipedia.org/wiki/Timeline_of_electromagnetism_and_classical_optics	CC BY-SA 4.0	Can a magnetic field change how light propagates in a material?	Timeline of electromagnetism and classical optics: "Michael Faraday discovers that light propagation in a material can be influenced by external magnetic fields"	magnetic fields;light propagation;material	
Colour of the sky		1871	https://en.wikipedia.org/wiki/Timeline_of_electromagnetism_and_classical_optics	CC BY-SA 4.0	Why is the sky blue?	Timeline of electromagnetism and classical optics: "Lord Rayleigh discusses the blue sky law and sunsets"	blue sky;sunsets;Rayleigh scattering	
Existence of electromagnetic waves		1888	https://en.wikipedia.org/wiki/Timeline_of_electromagnetism_and_classical_optics	CC BY-SA 4.0	Do the electromagnetic waves predicted by Maxwell exist?	Timeline of electromagnetism and classical optics: "Heinrich Hertz demonstrates the existence of electromagnetic waves"	electromagnetic waves;existence;Hertz	telecom
Pressure of light		1899	https://en.wikipedia.org/wiki/Timeline_of_electromagnetism_and_classical_optics	CC BY-SA 4.0	Does light exert pressure on a solid body?	Timeline of electromagnetism and classical optics: "Pyotr Lebedev measures the pressure of light on a solid body"	pressure;light;solid body	
Ultraviolet catastrophe		1900	https://en.wikipedia.org/wiki/Timeline_of_electromagnetism_and_classical_optics	CC BY-SA 4.0	Why does classical theory predict infinite black-body radiation at short wavelengths?	Timeline of electromagnetism and classical optics: "Max Planck resolves the ultraviolet catastrophe by suggesting that black-body radiation consists of discrete packets"	ultraviolet catastrophe;black-body;radiation	
Equivalence of mass and energy		1905	https://en.wikipedia.org/wiki/Timeline_of_gravitational_physics_and_relativity	CC BY-SA 4.0	Are mass and energy interchangeable?	Timeline of gravitational physics and relativity: "Albert Einstein discovers the equivalence of mass and energy, E = mc^2 in modern form"	equivalence;mass;energy	nuclear energy
Mercury perihelion precession		1915	https://en.wikipedia.org/wiki/Timeline_of_gravitational_physics_and_relativity	CC BY-SA 4.0	What explains the anomalous precession of the perihelion of Mercury?	Timeline of gravitational physics and relativity: "Albert Einstein completes his general theory of relativity. He explains the perihelion of Mercury"	perihelion;Mercury;general relativity	
Exact solution for a spherical mass		1916	https://en.wikipedia.org/wiki/Timeline_of_gravitational_physics_and_relativity	CC BY-SA 4.0	Is there an exact solution of the Einstein field equations for a spherical mass?	Timeline of gravitational physics and relativity: "Karl Schwarzschild publishes the Schwarzschild metric"	Schwarzschild;Einstein;spherical	
Uniqueness of the Schwarzschild solution		1923	https://en.wikipedia.org/wiki/Timeline_of_gravitational_physics_and_relativity	CC BY-SA 4.0	Is the Schwarzschild solution the only spherically symmetric vacuum solution?	Timeline of gravitational physics and relativity: "George David Birkhoff proves Birkhoff's theorem on the uniqueness of the Schwarzschild solution"	Birkhoff;uniqueness;Schwarzschild	
Stable points of the three-body problem		1772	https://en.wikipedia.org/wiki/Timeline_of_gravitational_physics_and_relativity	CC BY-SA 4.0	Where are the stable equilibrium points of the restricted three-body problem?	Timeline of gravitational physics and relativity: "Joseph-Louis Lagrange discovers the two remaining Lagrange points"	Lagrange;equilibrium;three-body	spaceflight
Speed of light on Earth		1849	https://en.wikipedia.org/wiki/Timeline_of_gravitational_physics_and_relativity	CC BY-SA 4.0	Can the speed of light be measured on Earth?	Timeline of gravitational physics and relativity: "Armand Fizeau makes the first terrestrial determination of the speed of light"	speed of light;terrestrial;Fizeau	
Earth motion through the luminiferous aether		1887	https://en.wikipedia.org/wiki/Timeline_of_Solar_System_astronomy	CC BY-SA 4.0	Does the Earth move through a stationary luminiferous aether?	Timeline of Solar System astronomy: "The Michelson-Morley experiment, intended to measure the relative motion of Earth through the (assumed) stationary luminiferous aether, got no results"	aether;Michelson-Morley;luminiferous	
Atomic model for spectral lines		1913	https://en.wikipedia.org/wiki/Timeline_of_cosmological_theories	CC BY-SA 4.0	Can the spectral lines of atoms be explained by a quantum model?	Timeline of cosmological theories: "Niels Bohr publishes the Bohr model of the atom, which explains the spectral lines"	Bohr model;spectral lines;atom	
Spin of the electron		1925	https://en.wikipedia.org/wiki/Timeline_of_atomic_and_subatomic_physics	CC BY-SA 4.0	Why do atomic spectra show doublet structure?	Timeline of atomic and subatomic physics: "George Uhlenbeck and Samuel Goudsmit postulate electron spin"	electron spin;atomic spectra;doublet	
Matrix mechanics of atoms		1925	https://en.wikipedia.org/wiki/Timeline_of_atomic_and_subatomic_physics	CC BY-SA 4.0	Can atomic spectra be computed from observable quantities alone?	Timeline of atomic and subatomic physics: "Werner Heisenberg, Max Born, and Pascual Jordan formulate quantum matrix mechanics"	matrix mechanics;atomic spectra;observable	
