name	posed	posed_evidence	source	licence	statement	status_source	keywords	market
Why is the equity risk premium so high?	1985	Prescott in a study published in 1985	https://en.wikipedia.org/wiki/Equity_premium_puzzle	CC BY-SA 4.0	Why have stocks earned a premium of five to eight percent a year over government bonds, a gap that standard economic models cannot explain?	Wikipedia, Equity premium puzzle: "the unexplained reasons driving this disparity"	equity premium;risk aversion;asset pricing;stocks	finance
Why do national savings and investment rates correlate?	1980	first documented by Martin Feldstein and Charles Horioka in a 1980 paper	https://en.wikipedia.org/wiki/Feldstein%E2%80%93Horioka_puzzle	CC BY-SA 4.0	Why are domestic saving and domestic investment so strongly correlated across countries when capital can move freely to the best return worldwide?	Wikipedia, Feldstein–Horioka puzzle: "first documented by Martin Feldstein and Charles Horioka in a 1980 paper"	capital mobility;saving;investment;international finance	finance
Why does capital not flow from rich to poor countries?	1990	famously discussed in a paper by Robert Lucas in 1990	https://en.wikipedia.org/wiki/Lucas_paradox	CC BY-SA 4.0	Why does capital not flow from developed to developing countries, although poor countries have less capital per worker and so should offer higher returns?	Wikipedia, Lucas paradox: "capital does not flow from developed countries to developing countries"	capital flows;development;returns to capital;Lucas	finance;policy
Why does the high-interest currency appreciate?			https://en.wikipedia.org/wiki/Forward_premium_anomaly	CC BY-SA 4.0	Why does a currency with a higher interest rate tend to appreciate, when uncovered interest parity predicts it should depreciate by the rate difference?	Wikipedia, Forward premium anomaly: "the domestic currency appreciates when domestic nominal interest rates exceed"	forward premium;interest parity;exchange rates;currency markets	finance
Why is consumption uncorrelated with the real exchange rate?	1993	Smith in 1993	https://en.wikipedia.org/wiki/Backus%E2%80%93Smith_puzzle	CC BY-SA 4.0	Why is the correlation between relative consumption and the real exchange rate near zero or negative, when full international risk sharing predicts a positive one?	Wikipedia, Backus–Smith puzzle: "the correlation between consumption and real exchange rates is zero or negative"	real exchange rate;risk sharing;consumption;macroeconomics	finance
Why do firms pay dividends?			https://en.wikipedia.org/wiki/Dividend_puzzle	CC BY-SA 4.0	Why do corporations pay dividends and why do investors pay attention to them, when dividends are taxed more heavily than capital gains?	Wikipedia, Dividend puzzle: "why do corporations pay dividends"	dividends;corporate finance;payout policy;taxation	finance
Why is the credit rating market so concentrated?			https://en.wikipedia.org/wiki/Credit_rating_agency	CC BY-SA 4.0	What explains the concentrated market structure of credit rating agencies, where a few firms rate most of the world's debt?	Wikipedia, Credit rating agency: "The reason for the concentrated market structure is disputed"	credit rating;market structure;oligopoly;finance	finance;policy
What is the definition of disease?			https://en.wikipedia.org/wiki/Unsolved_problems_in_medicine	CC BY-SA 4.0	Is there a definition of disease that fits both the physiological process behind it and the patient's suffering and loss of quality of life?	Wikipedia, Unsolved problems in medicine: "There is no overarching, clear definition of what a disease is"	disease definition;nosology;medicine;health	healthcare
How can evidence-based medicine guide care of an individual?			https://en.wikipedia.org/wiki/Unsolved_problems_in_medicine	CC BY-SA 4.0	How can results from trials on large samples of patients be applied to the care of one individual patient in evidence-based medicine?	Wikipedia, Unsolved problems in medicine: "how results obtained from large samples of patients can be applied"	evidence-based medicine;clinical trials;individual patient;methodology	healthcare
What causes idiopathic diseases such as aggressive periodontitis?			https://en.wikipedia.org/wiki/Unsolved_problems_in_medicine	CC BY-SA 4.0	What causes diseases of unknown origin, such as idiopathic pulmonary fibrosis or aggressive periodontitis, and can treatment be found before the cause is?	Wikipedia, Unsolved problems in medicine: "the cause of aggressive periodontitis"	idiopathic disease;aetiology;periodontitis;pulmonary fibrosis	healthcare
How do paracetamol, lithium and antidepressants work?			https://en.wikipedia.org/wiki/Unsolved_problems_in_medicine	CC BY-SA 4.0	By what mechanism do paracetamol, antidepressants and lithium relieve symptoms, even though their effects on certain biological processes are known?	Wikipedia, Unsolved problems in medicine: "Other examples are paracetamol, antidepressants and lithium"	mechanism of action;paracetamol;lithium;antidepressants	pharma
